"id","volume","pubid","name","floruit","sex","notbefore","notafter","status","placecode","region","settlement","district","lat","long"
"V1-2802","1","1","῾Εορτυλίς","byz.","2","311","999","Jew","LGPN_13550","Syros","","","37.4446","24.9429"
"V1-4827","1","2","Εὐνόμιος","byz.","1","311","999","Jew","LGPN_12790","Naxos","","","37.1068","25.3756"
"V1-36711","1","5","Πάρις","18BC","1","-18","-18","Jew","LGPN_12880","Rhodes","","","36.4432","28.227"
"V1-36712","1","5","Ἀκέσων","18BC","1","-18","-18","Jew","LGPN_12880","Rhodes","","","36.4432","28.227"
"V1-53783","1","1","Σοφία","byz.","2","311","999","Jew","LGPN_10320","Crete","Gortyn","","35.0625","24.947"
"V1-54653","1","5","Ἀρχίας","v-vi AD","1","500","600","Jew","LGPN_11050","Cyprus","Salamis","","35.1058","33.9504"
"V1-54681","1","1","Ἰωσῆς","v/vi AD","1","575","625","Jew","LGPN_10900","Cyprus","Golgoi","","35.0695","33.4998"
"V1-54682","1","2","Συνέσιος","v/vi AD","1","575","625","Jew","LGPN_10900","Cyprus","Golgoi","","35.0695","33.4998"
"V1-54683","1","4","Ἀττικός","iii AD","1","200","300","Jew","LGPN_10970","Cyprus","Lapethos","","35.3367","33.1742"
"V1-55508","1","1","Ἀνανίας","hell.-imp.","1","-100","100","Jew","LGPN_10860","Cyprus","Amathous","","34.712","33.1432"
"V1-56350","1","1","Ἀρτεμίων","115AD","1","115","115","Jew","LGPN_11050","Cyprus","Salamis","","35.1058","33.9504"
"V1-60012","1","2","Ἀμφίων","i AD","1","0","100","Jew","LGPN_11240","Cyrenaica","Taucheira-Arsinoe","","32.5319","20.5724"
"V1-60013","1","2","Ἰωσῆς","i AD","1","0","100","Jew","LGPN_11240","Cyrenaica","Taucheira-Arsinoe","","32.5319","20.5724"
"V1-60088","1","49","Φίλιππος","i AD","1","0","100","Jew","LGPN_11240","Cyrenaica","Taucheira-Arsinoe","","32.5319","20.5724"
"V1-60089","1","3","Ἰησοῦς","i AD","1","0","100","Jew","LGPN_11240","Cyrenaica","Taucheira-Arsinoe","","32.5319","20.5724"
"V1-60140","1","2","Ἰούδας","i AD","1","0","100","Jew","LGPN_11240","Cyrenaica","Taucheira-Arsinoe","","32.5319","20.5724"
"V1-60147","1","4","Ἰησοῦς","i AD","1","0","100","Jew","LGPN_11240","Cyrenaica","Taucheira-Arsinoe","","32.5319","20.5724"
"V1-60148","1","36","Ἀπολλόδωρος","i AD","1","0","100","Jew","LGPN_11240","Cyrenaica","Taucheira-Arsinoe","","32.5319","20.5724"
"V1-60150","1","3","Μάριν","i AD","2","0","100","Jew","LGPN_11240","Cyrenaica","Taucheira-Arsinoe","","32.5319","20.5724"
"V1-60152","1","26","Ἀριστοκράτης","i AD","1","0","100","Jew","LGPN_11240","Cyrenaica","Taucheira-Arsinoe","","32.5319","20.5724"
"V1-60153","1","1","Δωσᾶς","i AD","1","0","100","Jew","LGPN_11240","Cyrenaica","Taucheira-Arsinoe","","32.5319","20.5724"
"V1-60157","1","3","Ἰούδας","i AD","1","0","100","Jew","LGPN_11240","Cyrenaica","Taucheira-Arsinoe","","32.5319","20.5724"
"V1-60158","1","3","Μυρτώ","i AD","2","0","100","Jew","LGPN_11240","Cyrenaica","Taucheira-Arsinoe","","32.5319","20.5724"
"V1-60159","1","1","Νάσων","i AD","1","0","100","Jew","LGPN_11240","Cyrenaica","Taucheira-Arsinoe","","32.5319","20.5724"
"V1-60160","1","3","Σέκονδα","i AD","2","0","100","Jew","LGPN_11240","Cyrenaica","Taucheira-Arsinoe","","32.5319","20.5724"
"V1-60161","1","1","Ἰσιδίκα","i AD","2","0","100","Jew","LGPN_11240","Cyrenaica","Taucheira-Arsinoe","","32.5319","20.5724"
"V1-60162","1","4","Ἰούδας","i AD","1","0","100","Jew","LGPN_11240","Cyrenaica","Taucheira-Arsinoe","","32.5319","20.5724"
"V1-60165","1","1","Ἰσακᾶς","i AD","1","0","100","Jew","LGPN_11240","Cyrenaica","Taucheira-Arsinoe","","32.5319","20.5724"
"V1-60169","1","5","Ἰησοῦς","i AD","1","0","100","Jew","LGPN_11240","Cyrenaica","Taucheira-Arsinoe","","32.5319","20.5724"
"V1-60170","1","22","Λούκιος","i AD","1","0","100","Jew","LGPN_11240","Cyrenaica","Taucheira-Arsinoe","","32.5319","20.5724"
"V1-60231","1","11","Δωσίθεος","i AD","1","0","100","Jew","LGPN_11240","Cyrenaica","Taucheira-Arsinoe","","32.5319","20.5724"
"V1-60274","1","8","Δωσίθεος","i BC-i AD","1","-100","100","Jew","LGPN_11240","Cyrenaica","Taucheira-Arsinoe","","32.5319","20.5724"
"V1-60275","1","135","Θεόδοτος","i BC-i AD","1","-100","100","Jew","LGPN_11240","Cyrenaica","Taucheira-Arsinoe","","32.5319","20.5724"
"V1-60507","1","15","Εἰρήνα","i AD","2","0","100","Jew","LGPN_11240","Cyrenaica","Taucheira-Arsinoe","","32.5319","20.5724"
"V1-60508","1","1","Μάκερ","i AD","1","0","100","Jew","LGPN_11240","Cyrenaica","Taucheira-Arsinoe","","32.5319","20.5724"
"V1-60509","1","33","Μᾶρκος","i AD","1","0","100","Jew","LGPN_11240","Cyrenaica","Taucheira-Arsinoe","","32.5319","20.5724"
"V1-60510","1","34","Μᾶρκος","i AD","1","0","100","Jew","LGPN_11240","Cyrenaica","Taucheira-Arsinoe","","32.5319","20.5724"
"V1-60511","1","2","Μάκερ","i AD","1","0","100","Jew","LGPN_11240","Cyrenaica","Taucheira-Arsinoe","","32.5319","20.5724"
"V1-60512","1","14","Εὐφρόσυνος","i AD","1","0","100","Jew","LGPN_11240","Cyrenaica","Taucheira-Arsinoe","","32.5319","20.5724"
"V1-60513","1","27","Λύκος","i AD","1","0","100","Jew","LGPN_11240","Cyrenaica","Taucheira-Arsinoe","","32.5319","20.5724"
"V1-60514","1","16","Εἰρήνα","i AD","2","0","100","Jew","LGPN_11240","Cyrenaica","Taucheira-Arsinoe","","32.5319","20.5724"
"V1-60515","1","23","Σίμων","i AD","1","0","100","Jew","LGPN_11240","Cyrenaica","Taucheira-Arsinoe","","32.5319","20.5724"
"V1-60516","1","15","Εὐφρόσυνος","i AD","1","0","100","Jew","LGPN_11240","Cyrenaica","Taucheira-Arsinoe","","32.5319","20.5724"
"V1-60517","1","10","Μουσαῖος","i AD","1","0","100","Jew","LGPN_11240","Cyrenaica","Taucheira-Arsinoe","","32.5319","20.5724"
"V1-60518","1","24","Σίμων","i AD","1","0","100","Jew","LGPN_11240","Cyrenaica","Taucheira-Arsinoe","","32.5319","20.5724"
"V1-60519","1","4","Ἀρσινόα","i AD","2","0","100","Jew","LGPN_11240","Cyrenaica","Taucheira-Arsinoe","","32.5319","20.5724"
"V1-60520","1","11","Μουσαῖος","i AD","1","0","100","Jew","LGPN_11240","Cyrenaica","Taucheira-Arsinoe","","32.5319","20.5724"
"V1-60521","1","2","Σίλιος","i AD","1","0","100","Jew","LGPN_11240","Cyrenaica","Taucheira-Arsinoe","","32.5319","20.5724"
"V1-60522","1","16","Εὐφρόσυνος","i AD","1","0","100","Jew","LGPN_11240","Cyrenaica","Taucheira-Arsinoe","","32.5319","20.5724"
"V1-60523","1","28","Λύκος","i AD","1","0","100","Jew","LGPN_11240","Cyrenaica","Taucheira-Arsinoe","","32.5319","20.5724"
"V1-60539","1","12","Δωσίθεος","i AD","1","0","100","Jew","LGPN_11240","Cyrenaica","Taucheira-Arsinoe","","32.5319","20.5724"
"V1-60540","1","13","Δωσίθεος","i AD","1","0","100","Jew","LGPN_11240","Cyrenaica","Taucheira-Arsinoe","","32.5319","20.5724"
"V1-60547","1","14","Δωσίθεος","i AD","1","0","100","Jew","LGPN_11240","Cyrenaica","Taucheira-Arsinoe","","32.5319","20.5724"
"V1-60552","1","19","Ἀριστίων","i AD","1","0","100","Jew","LGPN_11240","Cyrenaica","Taucheira-Arsinoe","","32.5319","20.5724"
"V1-60553","1","6","Ἰούδας","i AD","1","0","100","Jew","LGPN_11240","Cyrenaica","Taucheira-Arsinoe","","32.5319","20.5724"
"V1-60557","1","5","Σάρρα","i AD","2","0","100","Jew","LGPN_11240","Cyrenaica","Taucheira-Arsinoe","","32.5319","20.5724"
"V1-60558","1","2","Τελεσίστρατος","i AD","1","0","100","Jew","LGPN_11240","Cyrenaica","Taucheira-Arsinoe","","32.5319","20.5724"
"V1-60590","1","19","Σωγένης","i AD","1","0","100","Jew","LGPN_11240","Cyrenaica","Taucheira-Arsinoe","","32.5319","20.5724"
"V1-60591","1","15","Δωσίθεος","i AD","1","0","100","Jew","LGPN_11240","Cyrenaica","Taucheira-Arsinoe","","32.5319","20.5724"
"V1-60598","1","10","Δωσίθεος","i AD","1","0","100","Jew","LGPN_11240","Cyrenaica","Taucheira-Arsinoe","","32.5319","20.5724"
"V1-60599","1","43","῎Αριστις","i AD","1","0","100","Jew","LGPN_11240","Cyrenaica","Taucheira-Arsinoe","","32.5319","20.5724"
"V1-60607","1","16","Δωσίθεος","i AD","1","0","100","Jew","LGPN_11240","Cyrenaica","Taucheira-Arsinoe","","32.5319","20.5724"
"V1-60611","1","10","Ἀριστῆς","i AD","1","0","100","Jew","LGPN_11240","Cyrenaica","Taucheira-Arsinoe","","32.5319","20.5724"
"V1-60612","1","17","Δωσίθεος","i AD","1","0","100","Jew","LGPN_11240","Cyrenaica","Taucheira-Arsinoe","","32.5319","20.5724"
"V1-60616","1","5","Μυρτώ","i AD","2","0","100","Jew","LGPN_11240","Cyrenaica","Taucheira-Arsinoe","","32.5319","20.5724"
"V1-60617","1","18","Δωσίθεος","i AD","1","0","100","Jew","LGPN_11240","Cyrenaica","Taucheira-Arsinoe","","32.5319","20.5724"
"V1-60642","1","1","Φιλοῦς","i AD","2","0","100","Jew","LGPN_11240","Cyrenaica","Taucheira-Arsinoe","","32.5319","20.5724"
"V1-60643","1","2","Θευγείτων","i AD","1","0","100","Jew","LGPN_11240","Cyrenaica","Taucheira-Arsinoe","","32.5319","20.5724"
"V1-60644","1","7","Ἰούδας","i AD","1","0","100","Jew","LGPN_11240","Cyrenaica","Taucheira-Arsinoe","","32.5319","20.5724"
"V1-60645","1","5","Ἰώσηπος","i AD","1","0","100","Jew","LGPN_11240","Cyrenaica","Taucheira-Arsinoe","","32.5319","20.5724"
"V1-60663","1","6","Μαρία","i AD","2","0","100","Jew","LGPN_11240","Cyrenaica","Taucheira-Arsinoe","","32.5319","20.5724"
"V1-60664","1","8","Ἰούλιος","i AD","1","0","100","Jew","LGPN_11240","Cyrenaica","Taucheira-Arsinoe","","32.5319","20.5724"
"V1-60680","1","7","Μαρία","i AD","2","0","100","Jew","LGPN_11240","Cyrenaica","Taucheira-Arsinoe","","32.5319","20.5724"
"V1-60681","1","704","Ἀπολλώνιος","i AD","1","0","100","Jew","LGPN_11240","Cyrenaica","Taucheira-Arsinoe","","32.5319","20.5724"
"V1-60685","1","4","Δωσιθέα","74AD","2","74","74","Jew","LGPN_11240","Cyrenaica","Taucheira-Arsinoe","","32.5319","20.5724"
"V1-60686","1","12","Πολύαρχος","74AD","1","74","74","Jew","LGPN_11240","Cyrenaica","Taucheira-Arsinoe","","32.5319","20.5724"
"V1-60696","1","4","Μάριν","i AD","2","0","100","Jew","LGPN_11240","Cyrenaica","Taucheira-Arsinoe","","32.5319","20.5724"
"V1-60697","1","1","Βάσσιος","i AD","1","0","100","Jew","LGPN_11240","Cyrenaica","Taucheira-Arsinoe","","32.5319","20.5724"
"V1-60714","1","6","Τρύφαινα","i AD","2","0","100","Jew","LGPN_11240","Cyrenaica","Taucheira-Arsinoe","","32.5319","20.5724"
"V1-60715","1","12","Ἰωάννης","i AD","1","0","100","Jew","LGPN_11240","Cyrenaica","Taucheira-Arsinoe","","32.5319","20.5724"
"V1-60716","1","1","Ἰουδίων","i AD","1","0","100","Jew","LGPN_11240","Cyrenaica","Taucheira-Arsinoe","","32.5319","20.5724"
"V1-60717","1","3","Μάρθα","i AD","2","0","100","Jew","LGPN_11240","Cyrenaica","Taucheira-Arsinoe","","32.5319","20.5724"
"V1-60718","1","13","Ἰωάννης","i AD","1","0","100","Jew","LGPN_11240","Cyrenaica","Taucheira-Arsinoe","","32.5319","20.5724"
"V1-60721","1","1","Φιλοξήνα","i AD","2","0","100","Jew","LGPN_11240","Cyrenaica","Taucheira-Arsinoe","","32.5319","20.5724"
"V1-60722","1","14","Ἰωάννης","i AD","1","0","100","Jew","LGPN_11240","Cyrenaica","Taucheira-Arsinoe","","32.5319","20.5724"
"V1-60723","1","15","Ἰωάννης","i AD","1","0","100","Jew","LGPN_11240","Cyrenaica","Taucheira-Arsinoe","","32.5319","20.5724"
"V1-60724","1","19","Ἰωάννης","i AD","1","0","100","Jew","LGPN_11240","Cyrenaica","Taucheira-Arsinoe","","32.5319","20.5724"
"V1-60725","1","8","Ἰούδας","i AD","1","0","100","Jew","LGPN_11240","Cyrenaica","Taucheira-Arsinoe","","32.5319","20.5724"
"V1-60726","1","21","Ἀρίμμας","i AD","1","0","100","Jew","LGPN_11240","Cyrenaica","Taucheira-Arsinoe","","32.5319","20.5724"
"V1-60730","1","29","Ἀριστοκράτης","i AD","1","0","100","Jew","LGPN_11240","Cyrenaica","Taucheira-Arsinoe","","32.5319","20.5724"
"V1-60731","1","30","Ἀριστοκράτης","i AD","1","0","100","Jew","LGPN_11240","Cyrenaica","Taucheira-Arsinoe","","32.5319","20.5724"
"V1-60732","1","1","Τουβίας","i AD","1","0","100","Jew","LGPN_11240","Cyrenaica","Taucheira-Arsinoe","","32.5319","20.5724"
"V1-60742","1","19","Δωσίθεος","i AD","1","0","100","Jew","LGPN_11240","Cyrenaica","Taucheira-Arsinoe","","32.5319","20.5724"
"V1-60743","1","20","Δωσίθεος","i AD","1","0","100","Jew","LGPN_11240","Cyrenaica","Taucheira-Arsinoe","","32.5319","20.5724"
"V1-60744","1","6","Ἰωσῆς","i AD","1","0","100","Jew","LGPN_11240","Cyrenaica","Taucheira-Arsinoe","","32.5319","20.5724"
"V1-60745","1","20","Σωγένης","i AD","1","0","100","Jew","LGPN_11240","Cyrenaica","Taucheira-Arsinoe","","32.5319","20.5724"
"V1-60750","1","21","Δωσίθεος","i AD","1","0","100","Jew","LGPN_11240","Cyrenaica","Taucheira-Arsinoe","","32.5319","20.5724"
"V1-60751","1","2","Εὐκλείδης","i AD","1","0","100","Jew","LGPN_11240","Cyrenaica","Taucheira-Arsinoe","","32.5319","20.5724"
"V1-60758","1","1","῾Υάκινθος","i-ii AD","1","100","200","Jew","LGPN_11240","Cyrenaica","Taucheira-Arsinoe","","32.5319","20.5724"
"V1-60774","1","1","῎Αδωνις","i-ii AD","1","100","200","Jew","LGPN_11240","Cyrenaica","Taucheira-Arsinoe","","32.5319","20.5724"
"V1-60787","1","22","Δωσίθεος","70AD","1","70","70","Jew","LGPN_11240","Cyrenaica","Taucheira-Arsinoe","","32.5319","20.5724"
"V1-60788","1","23","Δωσίθεος","80AD","1","80","80","Jew","LGPN_11240","Cyrenaica","Taucheira-Arsinoe","","32.5319","20.5724"
"V1-60789","1","9","Δωσίθεος","imp.","1","-31","310","Jew","LGPN_11240","Cyrenaica","Taucheira-Arsinoe","","32.5319","20.5724"
"V1-60794","1","59","Εὐφράνωρ","i AD","1","0","100","Jew","LGPN_11240","Cyrenaica","Taucheira-Arsinoe","","32.5319","20.5724"
"V1-60802","1","5","Ἰούδας","i AD","1","0","100","Jew","LGPN_11240","Cyrenaica","Taucheira-Arsinoe","","32.5319","20.5724"
"V1-60807","1","4","Ἰώσηπος","i AD","1","0","100","Jew","LGPN_11240","Cyrenaica","Taucheira-Arsinoe","","32.5319","20.5724"
"V1-60808","1","2","Ἰώσηπος","imp.","1","-31","310","Jew","LGPN_11240","Cyrenaica","Taucheira-Arsinoe","","32.5319","20.5724"
"V1-60809","1","1","Καλλώ","imp.","2","-31","310","Jew","LGPN_11240","Cyrenaica","Taucheira-Arsinoe","","32.5319","20.5724"
"V1-60810","1","2","Κλεόδαμος","i AD","1","0","100","Jew","LGPN_11240","Cyrenaica","Taucheira-Arsinoe","","32.5319","20.5724"
"V1-61226","1","1","Δόρκα","i AD","2","0","100","Jew","LGPN_11150","Cyrenaica","Barka-Ptolemais","","32.7078","20.9517"
"V1-61231","1","2","Δωσιθέα","i AD","2","0","100","Jew","LGPN_11150","Cyrenaica","Barka-Ptolemais","","32.7078","20.9517"
"V1-61233","1","8","Εἰρήνα","i AD","2","0","100","Jew","LGPN_11150","Cyrenaica","Barka-Ptolemais","","32.7078","20.9517"
"V1-61274","1","18","Εὐφράνωρ","i AD","1","0","100","Jew","LGPN_11150","Cyrenaica","Barka-Ptolemais","","32.7078","20.9517"
"V1-61309","1","131","Θεόδοτος","i AD","1","0","100","Jew","LGPN_11150","Cyrenaica","Barka-Ptolemais","","32.7078","20.9517"
"V1-61310","1","132","Θεόδοτος","i AD","1","0","100","Jew","LGPN_11150","Cyrenaica","Barka-Ptolemais","","32.7078","20.9517"
"V1-61350","1","10","Ἰωάννης","i AD","1","0","100","Jew","LGPN_11150","Cyrenaica","Barka-Ptolemais","","32.7078","20.9517"
"V1-61351","1","1","Ἰούδιον","i AD","2","0","100","Jew","LGPN_11150","Cyrenaica","Barka-Ptolemais","","32.7078","20.9517"
"V1-61367","1","8","Ἰωάννης","i AD","1","0","100","Jew","LGPN_11150","Cyrenaica","Barka-Ptolemais","","32.7078","20.9517"
"V1-61368","1","9","Ἰωάννης","i AD","1","0","100","Jew","LGPN_11150","Cyrenaica","Barka-Ptolemais","","32.7078","20.9517"
"V1-61369","1","3","Ἰώσηπος","i AD","1","0","100","Jew","LGPN_11150","Cyrenaica","Barka-Ptolemais","","32.7078","20.9517"
"V1-61370","1","4","Ἰωσῆς","i AD","1","0","100","Jew","LGPN_11150","Cyrenaica","Barka-Ptolemais","","32.7078","20.9517"
"V1-61371","1","5","Ἰωσῆς","i AD","1","0","100","Jew","LGPN_11150","Cyrenaica","Barka-Ptolemais","","32.7078","20.9517"
"V1-61462","1","17","Μᾶρκος","i AD","1","0","100","Jew","LGPN_11150","Cyrenaica","Barka-Ptolemais","","32.7078","20.9517"
"V1-61497","1","10","Νικαγόρας","i AD","1","0","100","Jew","LGPN_11150","Cyrenaica","Barka-Ptolemais","","32.7078","20.9517"
"V1-61505","1","23","Νίκανδρος","i AD","1","0","100","Jew","LGPN_11150","Cyrenaica","Barka-Ptolemais","","32.7078","20.9517"
"V1-61570","1","1","Πραξαγόρα","i AD","2","0","100","Jew","LGPN_11150","Cyrenaica","Barka-Ptolemais","","32.7078","20.9517"
"V1-61597","1","1","Σάρρα","i AD","2","0","100","Jew","LGPN_11150","Cyrenaica","Barka-Ptolemais","","32.7078","20.9517"
"V1-61642","1","3","Τερτία","i AD","2","0","100","Jew","LGPN_11150","Cyrenaica","Barka-Ptolemais","","32.7078","20.9517"
"V1-61679","1","3","Φιλήμων","i AD","1","0","100","Jew","LGPN_11150","Cyrenaica","Barka-Ptolemais","","32.7078","20.9517"
"V1-61818","1","3","Ἰωναθᾶς","55AD","1","55","55","Jew","LGPN_11190","Cyrenaica","Euesperides-Berenike","","32.1099","20.0912"
"V1-61819","1","11","Πρᾶτις","55AD","1","55","55","Jew","LGPN_11190","Cyrenaica","Euesperides-Berenike","","32.1099","20.0912"
"V1-61820","1","1","Κορνήλιος","55AD","1","55","55","Jew","LGPN_11190","Cyrenaica","Euesperides-Berenike","","32.1099","20.0912"
"V1-61821","1","45","Καρνήδας","55AD","1","55","55","Jew","LGPN_11190","Cyrenaica","Euesperides-Berenike","","32.1099","20.0912"
"V1-61822","1","32","῾Ηρακλείδης","55AD","1","55","55","Jew","LGPN_11190","Cyrenaica","Euesperides-Berenike","","32.1099","20.0912"
"V1-61823","1","33","῾Ηρακλείδης","55AD","1","55","55","Jew","LGPN_11190","Cyrenaica","Euesperides-Berenike","","32.1099","20.0912"
"V1-61824","1","5","Δωσίθεος","55AD","1","55","55","Jew","LGPN_11190","Cyrenaica","Euesperides-Berenike","","32.1099","20.0912"
"V1-61825","1","20","Θαλίαρχος","55AD","1","55","55","Jew","LGPN_11190","Cyrenaica","Euesperides-Berenike","","32.1099","20.0912"
"V1-61826","1","107","Ἰάσων","55AD","1","55","55","Jew","LGPN_11190","Cyrenaica","Euesperides-Berenike","","32.1099","20.0912"
"V1-61827","1","17","Σωσίβιος","55AD","1","55","55","Jew","LGPN_11190","Cyrenaica","Euesperides-Berenike","","32.1099","20.0912"
"V1-61828","1","16","Σωκράτης","55AD","1","55","55","Jew","LGPN_11190","Cyrenaica","Euesperides-Berenike","","32.1099","20.0912"
"V1-61829","1","18","Πρατομήδης","55AD","1","55","55","Jew","LGPN_11190","Cyrenaica","Euesperides-Berenike","","32.1099","20.0912"
"V1-61830","1","24","Στράτων","55AD","1","55","55","Jew","LGPN_11190","Cyrenaica","Euesperides-Berenike","","32.1099","20.0912"
"V1-61831","1","6","Ἀντίγονος","55AD","1","55","55","Jew","LGPN_11190","Cyrenaica","Euesperides-Berenike","","32.1099","20.0912"
"V1-61832","1","7","Ἀρχίας","55AD","1","55","55","Jew","LGPN_11190","Cyrenaica","Euesperides-Berenike","","32.1099","20.0912"
"V1-61833","1","16","Καρτισθένης","55AD","1","55","55","Jew","LGPN_11190","Cyrenaica","Euesperides-Berenike","","32.1099","20.0912"
"V1-61834","1","30","Λυσανίας","55AD","1","55","55","Jew","LGPN_11190","Cyrenaica","Euesperides-Berenike","","32.1099","20.0912"
"V1-61835","1","31","Λυσανίας","55AD","1","55","55","Jew","LGPN_11190","Cyrenaica","Euesperides-Berenike","","32.1099","20.0912"
"V1-61836","1","5","Θεύφιλος","55AD","1","55","55","Jew","LGPN_11190","Cyrenaica","Euesperides-Berenike","","32.1099","20.0912"
"V1-61837","1","6","Ζηνόδωρος","55AD","1","55","55","Jew","LGPN_11190","Cyrenaica","Euesperides-Berenike","","32.1099","20.0912"
"V1-61838","1","6","Μαρίων","55AD","1","55","55","Jew","LGPN_11190","Cyrenaica","Euesperides-Berenike","","32.1099","20.0912"
"V1-61839","1","38","Ζωΐλος","55AD","1","55","55","Jew","LGPN_11190","Cyrenaica","Euesperides-Berenike","","32.1099","20.0912"
"V1-61840","1","6","Ζηνίων","55AD","1","55","55","Jew","LGPN_11190","Cyrenaica","Euesperides-Berenike","","32.1099","20.0912"
"V1-61841","1","27","Ἰσίδωρος","55AD","1","55","55","Jew","LGPN_11190","Cyrenaica","Euesperides-Berenike","","32.1099","20.0912"
"V1-61842","1","3","Δωσίθεος","55AD","1","55","55","Jew","LGPN_11190","Cyrenaica","Euesperides-Berenike","","32.1099","20.0912"
"V1-61843","1","4","Δωσίθεος","55AD","1","55","55","Jew","LGPN_11190","Cyrenaica","Euesperides-Berenike","","32.1099","20.0912"
"V1-61844","1","55","Ἀμμώνιος","55AD","1","55","55","Jew","LGPN_11190","Cyrenaica","Euesperides-Berenike","","32.1099","20.0912"
"V1-61845","1","87","Ἀλέξανδρος","55AD","1","55","55","Jew","LGPN_11190","Cyrenaica","Euesperides-Berenike","","32.1099","20.0912"
"V1-61846","1","52","Εὐφράνωρ","55AD","1","55","55","Jew","LGPN_11190","Cyrenaica","Euesperides-Berenike","","32.1099","20.0912"
"V1-61847","1","4","Ἰσιδώρα","55AD","2","55","55","Jew","LGPN_11190","Cyrenaica","Euesperides-Berenike","","32.1099","20.0912"
"V1-61848","1","24","Σεραπίων","55AD","1","55","55","Jew","LGPN_11190","Cyrenaica","Euesperides-Berenike","","32.1099","20.0912"
"V1-61849","1","17","Ζωσίμη","55AD","2","55","55","Jew","LGPN_11190","Cyrenaica","Euesperides-Berenike","","32.1099","20.0912"
"V1-61850","1","1","Τερπώλιος","55AD","1","55","55","Jew","LGPN_11190","Cyrenaica","Euesperides-Berenike","","32.1099","20.0912"
"V1-61851","1","5","Πόλων","55AD","1","55","55","Jew","LGPN_11190","Cyrenaica","Euesperides-Berenike","","32.1099","20.0912"
"V1-61852","1","6","Δωσίθεος","55AD","1","55","55","Jew","LGPN_11190","Cyrenaica","Euesperides-Berenike","","32.1099","20.0912"
"V1-61853","1","51","Εὐφράνωρ","24AD","1","24","24","Jew","LGPN_11190","Cyrenaica","Euesperides-Berenike","","32.1099","20.0912"
"V1-61854","1","5","Κλέανδρος","24AD","1","24","24","Jew","LGPN_11190","Cyrenaica","Euesperides-Berenike","","32.1099","20.0912"
"V1-61855","1","83","Ἀρίστων","24AD","1","24","24","Jew","LGPN_11190","Cyrenaica","Euesperides-Berenike","","32.1099","20.0912"
"V1-61856","1","3","Στρατόνικος","24AD","1","24","24","Jew","LGPN_11190","Cyrenaica","Euesperides-Berenike","","32.1099","20.0912"
"V1-61857","1","7","Ἀνδρόμαχος","24AD","1","24","24","Jew","LGPN_11190","Cyrenaica","Euesperides-Berenike","","32.1099","20.0912"
"V1-61858","1","8","Σώσιππος","24AD","1","24","24","Jew","LGPN_11190","Cyrenaica","Euesperides-Berenike","","32.1099","20.0912"
"V1-61859","1","8","Σωσιγένης","24AD","1","24","24","Jew","LGPN_11190","Cyrenaica","Euesperides-Berenike","","32.1099","20.0912"
"V1-61860","1","8","Ὀνασίων","24AD","1","24","24","Jew","LGPN_11190","Cyrenaica","Euesperides-Berenike","","32.1099","20.0912"
"V1-61861","1","8","Ἀνδρόμαχος","24AD","1","24","24","Jew","LGPN_11190","Cyrenaica","Euesperides-Berenike","","32.1099","20.0912"
"V1-61862","1","7","῾Αγήμων","24AD","1","24","24","Jew","LGPN_11190","Cyrenaica","Euesperides-Berenike","","32.1099","20.0912"
"V1-61863","1","687","Ἀπολλώνιος","24AD","1","24","24","Jew","LGPN_11190","Cyrenaica","Euesperides-Berenike","","32.1099","20.0912"
"V1-61864","1","5","Φιλωνίδης","24AD","1","24","24","Jew","LGPN_11190","Cyrenaica","Euesperides-Berenike","","32.1099","20.0912"
"V1-61865","1","34","Ζήνων","24AD","1","24","24","Jew","LGPN_11190","Cyrenaica","Euesperides-Berenike","","32.1099","20.0912"
"V1-61866","1","1","Σώνικος","24AD","1","24","24","Jew","LGPN_11190","Cyrenaica","Euesperides-Berenike","","32.1099","20.0912"
"V1-61867","1","12","Αὐτοκλῆς","24AD","1","24","24","Jew","LGPN_11190","Cyrenaica","Euesperides-Berenike","","32.1099","20.0912"
"V1-61868","1","23","Στράτων","24AD","1","24","24","Jew","LGPN_11190","Cyrenaica","Euesperides-Berenike","","32.1099","20.0912"
"V1-61869","1","134","Θεόδοτος","24AD","1","24","24","Jew","LGPN_11190","Cyrenaica","Euesperides-Berenike","","32.1099","20.0912"
"V1-61870","1","6","Ἰώσηπος","24AD","1","24","24","Jew","LGPN_11190","Cyrenaica","Euesperides-Berenike","","32.1099","20.0912"
"V1-61871","1","10","Ἀρίμμαν","Fi AD","1","1","50","Jew","LGPN_11190","Cyrenaica","Euesperides-Berenike","","32.1099","20.0912"
"V1-61872","1","56","Πτολεμαῖος","Fi AD","1","1","50","Jew","LGPN_11190","Cyrenaica","Euesperides-Berenike","","32.1099","20.0912"
"V1-61873","1","9","Δωρίων","Fi AD","1","1","50","Jew","LGPN_11190","Cyrenaica","Euesperides-Berenike","","32.1099","20.0912"
"V1-61874","1","1","Ζελαῖος","Fi AD","1","1","50","Jew","LGPN_11190","Cyrenaica","Euesperides-Berenike","","32.1099","20.0912"
"V1-61875","1","2","Γναῖος","Fi AD","1","1","50","Jew","LGPN_11190","Cyrenaica","Euesperides-Berenike","","32.1099","20.0912"
"V1-61876","1","82","Ἀρίστων","Fi AD","1","1","50","Jew","LGPN_11190","Cyrenaica","Euesperides-Berenike","","32.1099","20.0912"
"V1-61877","1","47","Νικίας","Fi AD","1","1","50","Jew","LGPN_11190","Cyrenaica","Euesperides-Berenike","","32.1099","20.0912"
"V1-61878","1","6","Ἀνδρόμαχος","Fi AD","1","1","50","Jew","LGPN_11190","Cyrenaica","Euesperides-Berenike","","32.1099","20.0912"
"V1-61879","1","5","Σαραπίων","Fi AD","1","1","50","Jew","LGPN_11190","Cyrenaica","Euesperides-Berenike","","32.1099","20.0912"
"V1-61880","1","17","Σίμων","Fi AD","1","1","50","Jew","LGPN_11190","Cyrenaica","Euesperides-Berenike","","32.1099","20.0912"
"V1-61881","1","122","Διονύσιος","Fi AD","1","1","50","Jew","LGPN_11190","Cyrenaica","Euesperides-Berenike","","32.1099","20.0912"
"V1-61884","1","11","Εἰρήνα","i AD","2","0","100","Jew","LGPN_11190","Cyrenaica","Euesperides-Berenike","","32.1099","20.0912"
"V1-62021","1","46","Ἀλέξανδρος","i AD","1","0","100","Jew","LGPN_11130","Cyrenaica","Apollonia","","32.8996","21.9659"
"V1-62067","1","9","Δωρόθεος","i AD","1","0","100","Jew","LGPN_11130","Cyrenaica","Apollonia","","32.8996","21.9659"
"V1-62068","1","7","Εἰρήνη","i AD","2","0","100","Jew","LGPN_11130","Cyrenaica","Apollonia","","32.8996","21.9659"
"V1-62090","1","6","Ἰησοῦς","i AD","1","0","100","Jew","LGPN_11130","Cyrenaica","Apollonia","","32.8996","21.9659"
"V1-62091","1","2","Ἰουδίων","i AD","1","0","100","Jew","LGPN_11130","Cyrenaica","Apollonia","","32.8996","21.9659"
"V1-62114","1","1","Μάριν","i AD","2","0","100","Jew","LGPN_11130","Cyrenaica","Apollonia","","32.8996","21.9659"
"V1-62115","1","1","Μάριον","i AD","2","0","100","Jew","LGPN_11130","Cyrenaica","Apollonia","","32.8996","21.9659"
"V1-62130","1","1","Σαλώ","i AD","2","0","100","Jew","LGPN_11130","Cyrenaica","Apollonia","","32.8996","21.9659"
"V1-62138","1","15","Τρύφων","i AD","1","0","100","Jew","LGPN_11130","Cyrenaica","Apollonia","","32.8996","21.9659"
"V1-62140","1","12","Φιλόξενος","i AD","1","0","100","Jew","LGPN_11130","Cyrenaica","Apollonia","","32.8996","21.9659"
"V1-62525","1","41","Ἀγαθοκλῆς","f.ii AD","1","101","150","Jew","LGPN_11170","Cyrenaica","Cyrene","","32.8182","21.8574"
"V1-62544","1","4","῾Αγεμόνα","i AD","2","0","100","Jew","LGPN_11170","Cyrenaica","Cyrene","","32.8182","21.8574"
"V1-62548","1","6","῾Αγεμόνα","f.ii AD","2","101","150","Jew","LGPN_11170","Cyrenaica","Cyrene","","32.8182","21.8574"
"V1-62728","1","72","Ἀλέξανδρος","f.i AD","1","1","50","Jew","LGPN_11170","Cyrenaica","Cyrene","","32.8182","21.8574"
"V1-62952","1","9","Ἀντίφιλος","i BC-i AD","1","-100","100","Jew","LGPN_11170","Cyrenaica","Cyrene","","32.8182","21.8574"
"V1-63253","1","59","Ἀρτεμίδωρος","i AD","1","0","100","Jew","LGPN_11170","Cyrenaica","Cyrene","","32.8182","21.8574"
"V1-63299","1","33","Ἀσκληπιάδης","238/7BC","1","-238","-237","Jew","LGPN_11170","Cyrenaica","Cyrene","","32.8182","21.8574"
"V1-63555","1","5","Δημώ","238/7BC","2","-238","-237","Jew","LGPN_11170","Cyrenaica","Cyrene","","32.8182","21.8574"
"V1-63623","1","11","Δωρόθεος","i-ii AD","1","100","200","Jew","LGPN_11170","Cyrenaica","Cyrene","","32.8182","21.8574"
"V1-63630","1","1","Εἰρηνᾶς","i AD","1","0","100","Jew","LGPN_11170","Cyrenaica","Cyrene","","32.8182","21.8574"
"V1-63631","1","2","Εἰρηνᾶς","i AD","1","0","100","Jew","LGPN_11170","Cyrenaica","Cyrene","","32.8182","21.8574"
"V1-63634","1","8","Εἰρήνη","238/7BC","2","-238","-237","Jew","LGPN_11170","Cyrenaica","Cyrene","","32.8182","21.8574"
"V1-63639","1","2","Ἐλάζαρ","3AD","1","3","3","Jew","LGPN_11170","Cyrenaica","Cyrene","","32.8182","21.8574"
"V1-63640","1","3","Ἐλάζαρ","60AD","1","60","60","Jew","LGPN_11170","Cyrenaica","Cyrene","","32.8182","21.8574"
"V1-63644","1","1","Ἐλάζαρ","3AD","1","3","3","Jew","LGPN_11170","Cyrenaica","Cyrene","","32.8182","21.8574"
"V1-64035","1","30","῾Ηρακλείδης","238/7BC","1","-238","-237","Jew","LGPN_11170","Cyrenaica","Cyrene","","32.8182","21.8574"
"V1-64142","1","2","Θευδόσιος","i AD","1","0","100","Jew","LGPN_11170","Cyrenaica","Cyrene","","32.8182","21.8574"
"V1-64355","1","70","Ἰάσων","m.ii BC","1","-175","-125","Jew","LGPN_11170","Cyrenaica","Cyrene","","32.8182","21.8574"
"V1-64381","1","1","Ἰησοῦς","i BC-i AD","1","-100","100","Jew","LGPN_11170","Cyrenaica","Cyrene","","32.8182","21.8574"
"V1-64382","1","7","Ἰησοῦς","3AD","1","3","3","Jew","LGPN_11170","Cyrenaica","Cyrene","","32.8182","21.8574"
"V1-64387","1","9","Ἰούδας","f.i AD","1","1","50","Jew","LGPN_11170","Cyrenaica","Cyrene","","32.8182","21.8574"
"V1-64389","1","10","Ἰούλιος","3AD","1","3","3","Jew","LGPN_11170","Cyrenaica","Cyrene","","32.8182","21.8574"
"V1-64447","1","1","Ἰωναθᾶς","i AD","1","0","100","Jew","LGPN_11170","Cyrenaica","Cyrene","","32.8182","21.8574"
"V1-64449","1","3","Ἰωσῆς","i AD","1","0","100","Jew","LGPN_11170","Cyrenaica","Cyrene","","32.8182","21.8574"
"V1-64729","1","2","Κρίσπος","i AD","1","0","100","Jew","LGPN_11170","Cyrenaica","Cyrene","","32.8182","21.8574"
"V1-64828","1","13","Λούκιος","m.i AD","1","25","75","Jew","LGPN_11170","Cyrenaica","Cyrene","","32.8182","21.8574"
"V1-64833","1","1","Λουκούας","i/ii AD","1","175","225","Jew","LGPN_11170","Cyrenaica","Cyrene","","32.8182","21.8574"
"V1-64927","1","2","Μάριν","i AD","2","0","100","Jew","LGPN_11170","Cyrenaica","Cyrene","","32.8182","21.8574"
"V1-65056","1","3","Μνασώ","i-ii AD","2","100","200","Jew","LGPN_11170","Cyrenaica","Cyrene","","32.8182","21.8574"
"V1-65411","1","1","Ποπελία","i AD","2","0","100","Jew","LGPN_11170","Cyrenaica","Cyrene","","32.8182","21.8574"
"V1-65554","1","11","Ῥοῦφος","f.i AD","1","1","50","Jew","LGPN_11170","Cyrenaica","Cyrene","","32.8182","21.8574"
"V1-65557","1","1","Σάρα","i AD","2","0","100","Jew","LGPN_11170","Cyrenaica","Cyrene","","32.8182","21.8574"
"V1-65564","1","2","Σάρρα","i AD","2","0","100","Jew","LGPN_11170","Cyrenaica","Cyrene","","32.8182","21.8574"
"V1-65565","1","3","Σάρρα","f.ii AD","2","101","150","Jew","LGPN_11170","Cyrenaica","Cyrene","","32.8182","21.8574"
"V1-65601","1","16","Σίμων","i-ii AD","1","100","200","Jew","LGPN_11170","Cyrenaica","Cyrene","","32.8182","21.8574"
"V1-65602","1","11","Σίμων","i AD","1","0","100","Jew","LGPN_11170","Cyrenaica","Cyrene","","32.8182","21.8574"
"V1-65604","1","12","Σίμων","i AD","1","0","100","Jew","LGPN_11170","Cyrenaica","Cyrene","","32.8182","21.8574"
"V1-65605","1","13","Σίμων","i AD","1","0","100","Jew","LGPN_11170","Cyrenaica","Cyrene","","32.8182","21.8574"
"V1-65606","1","14","Σίμων","i AD","1","0","100","Jew","LGPN_11170","Cyrenaica","Cyrene","","32.8182","21.8574"
"V1-65607","1","22","Σίμων","i AD","1","0","100","Jew","LGPN_11170","Cyrenaica","Cyrene","","32.8182","21.8574"
"V1-65609","1","18","Σίμων","f.i AD","1","1","50","Jew","LGPN_11170","Cyrenaica","Cyrene","","32.8182","21.8574"
"V1-65610","1","20","Σίμων","f.ii AD","1","101","150","Jew","LGPN_11170","Cyrenaica","Cyrene","","32.8182","21.8574"
"V1-65617","1","1","Σπεύσανδρος","i AD","1","0","100","Jew","LGPN_11170","Cyrenaica","Cyrene","","32.8182","21.8574"
"V1-65678","1","8","Σώδαμος","i AD","1","0","100","Jew","LGPN_11170","Cyrenaica","Cyrene","","32.8182","21.8574"
"V1-66087","1","81","Φίλων","imp.","1","-31","310","Jew","LGPN_11170","Cyrenaica","Cyrene","","32.8182","21.8574"
"V1-66137","1","3","Χαιρέας","i AD","1","0","100","Jew","LGPN_11170","Cyrenaica","Cyrene","","32.8182","21.8574"
"V1-66193","1","2","Ἀρχέας","Fi AD","1","1","50","Jew","LGPN_11190","Cyrenaica","Euesperides-Berenike","","32.1099","20.0912"
"V1-79738","1","2","Μαρθίνη","i BC","2","-100","0","Jew","LGPN_11270","Delos","","","37.3991","25.2664"
"V1-79739","1","5","῾Ηράκλεια","i BC","2","-100","0","Jew","LGPN_11270","Delos","","","37.3991","25.2664"
"V1-80495","1","20","Λυσίμαχος","i BC","1","-100","0","Jew","LGPN_11270","Delos","","","37.3991","25.2664"
"V1-80496","1","49","Ἀγαθοκλῆς","i BC","1","-100","0","Jew","LGPN_11270","Delos","","","37.3991","25.2664"
"V1-80497","1","4","Λαοδίκη","i BC","2","-100","0","Jew","LGPN_11270","Delos","","","37.3991","25.2664"
"V1-80498","1","8","Μαρκία","i BC","2","-100","0","Jew","LGPN_11270","Delos","","","37.3991","25.2664"
"V2-2234","2","18","Ἀθήναιος","v-vi AD","1","500","600","Jew","LGPN_20010","Attica","Athens","","37.9667","23.7167"
"V2-4605","2","1","Ἀνανίας","ii BC","1","-200","-100","Jew","LGPN_20010","Attica","Athens","","37.9667","23.7167"
"V2-13007","2","1","Βενιάμης","ii-iii AD","1","200","300","Jew","LGPN_20010","Attica","Athens","","37.9667","23.7167"
"V2-27584","2","4","Εὐτυχία","v-vi AD","2","500","600","Jew","LGPN_20010","Attica","Athens","","37.9667","23.7167"
"V2-32008","2","1","Θεοδούλα","v-vi AD","2","500","600","Jew","LGPN_20010","Attica","Athens","","37.9667","23.7167"
"V2-32496","2","1","Θεόκτιστος","v-vi AD","1","500","600","Jew","LGPN_20010","Attica","Athens","","37.9667","23.7167"
"V2-34082","2","1","Ἰακώβ","vi AD","1","500","600","Jew","LGPN_20010","Attica","Athens","","37.9667","23.7167"
"V2-41324","2","15","Λεόντιος","vi AD","1","500","600","Jew","LGPN_20010","Attica","Athens","","37.9667","23.7167"
"V2-47118","2","1","Μωσῆς","v-vi AD","1","500","600","Jew","LGPN_20010","Attica","Athens","","37.9667","23.7167"
"V2-56441","2","18","Σίμων","ii BC","1","-200","-100","Jew","LGPN_20010","Attica","Athens","","37.9667","23.7167"
"V3a-5901","3a","1","Ἐλπιδῦς","iii AD","1","200","300","Jew","LGPN_33086","Arkadia","Mantineia-Antigoneia","","37.5833","22.25"
"V3a-10912","3a","1","Μάρθα","ii-iii AD","2","200","300","Jew","LGPN_33961","Lakonia","","","37.0281","22.6254"
"V3a-10921","3a","1","Μαρώνιος","imp.","1","-31","310","Jew","LGPN_33961","Lakonia","","","37.0281","22.6254"
"V3a-11529","3a","1","Παντώ","imp.","2","-31","310","Jew","LGPN_33961","Lakonia","","","37.0281","22.6254"
"V3a-15035","3a","1","Ἰωσῆς","iii AD","1","200","300","Jew","LGPN_33957","Argolis","Argos","","37.6667","22.8333"
"V3a-15056","3a","1","Ἀράβαννα","byz.","2","311","999","Jew","LGPN_33957","Argolis","Argos","","37.6667","22.8333"
"V3a-15057","3a","1","Σολομῶν","byz.","1","311","999","Jew","LGPN_33957","Argolis","Argos","","37.6667","22.8333"
"V3a-17323","3a","1","῎Ασπαρ","iv AD","1","300","400","Jew","LGPN_33957","Argolis","Argos","","37.6667","22.8333"
"V3a-20387","3a","2","Ἰωσῆς","246AD","1","246","246","Jew","LGPN_33487","Messenia","Korone","","37.25","21.8333"
"V3a-20388","3a","3","Ἰωσῆς","246AD","1","246","246","Jew","LGPN_33487","Messenia","Korone","","37.25","21.8333"
"V3a-20719","3a","1","Ἰωναθᾶς","iii AD","1","200","300","Jew","LGPN_33488","Messenia","Kyparissia","","37.25","21.8333"
"V3a-22427","3a","8","Θεόδωρος","byz.","1","311","999","Jew","LGPN_33801","Aigina","","","37.7317","23.4911"
"V3a-22428","3a","9","Θεόδωρος","byz.","1","311","999","Jew","LGPN_33801","Aigina","","","37.7317","23.4911"
"V3a-23157","3a","1","῎Αννα","byz.","2","311","999","Jew","LGPN_33437","Korinthia","Korinth","","37.9059","22.879"
"V3a-23838","3a","1","Κρίσπος","m.i AD","1","25","75","Jew","LGPN_33437","Korinthia","Korinth","","37.9059","22.879"
"V3a-23913","3a","1","Μαλχίων","imp.","1","-31","310","Jew","LGPN_33437","Korinthia","Korinth","","37.9059","22.879"
"V3a-24274","3a","13","Σωσθένης","m.i AD","1","25","75","Jew","LGPN_33437","Korinthia","Korinth","","37.9059","22.879"
"V3a-27058","3a","1","Μυρίνα","imp.","2","-31","310","Jew","LGPN_35340","S. Italy (Campania)","S. Clemente (mod.)","","41.3419","13.9586"
"V3a-27059","3a","1","Πεδώνιος","imp.","1","-31","310","Jew","LGPN_35340","S. Italy (Campania)","S. Clemente (mod.)","","41.3419","13.9586"
"V3a-28876","3a","1","Μάρις","iv-v AD","1","400","500","Jew","LGPN_34338","S. Italy (Campania)","Nola","","40.9259","14.5285"
"V3a-28877","3a","5","Βερενίκη","v AD","2","400","500","Jew","LGPN_34390","S. Italy (Apulia)","Venusia","","40.9624","15.8158"
"V3a-28878","3a","5","Ἰωσῆς","v AD","1","400","500","Jew","LGPN_34390","S. Italy (Apulia)","Venusia","","40.9624","15.8158"
"V3a-28879","3a","2","Λογγῖνος","v AD","1","400","500","Jew","LGPN_34390","S. Italy (Apulia)","Venusia","","40.9624","15.8158"
"V3a-28880","3a","1","Κάστα","v AD","2","400","500","Jew","LGPN_34390","S. Italy (Apulia)","Venusia","","40.9624","15.8158"
"V3a-28881","3a","1","Ἐσθήρ","v AD","2","400","500","Jew","LGPN_34390","S. Italy (Apulia)","Venusia","","40.9624","15.8158"
"V3a-28882","3a","3","Συριανός","v AD","1","400","500","Jew","LGPN_34390","S. Italy (Apulia)","Venusia","","40.9624","15.8158"
"V3a-28883","3a","1","Ἰακώβ","v AD","1","400","500","Jew","LGPN_34390","S. Italy (Apulia)","Venusia","","40.9624","15.8158"
"V3a-28884","3a","1","Σεβῆρα","v AD","2","400","500","Jew","LGPN_34390","S. Italy (Apulia)","Venusia","","40.9624","15.8158"
"V3a-28885","3a","12","Ἀνίκητος","v AD","1","400","500","Jew","LGPN_34390","S. Italy (Apulia)","Venusia","","40.9624","15.8158"
"V3a-28886","3a","13","Ἀνίκητος","v AD","1","400","500","Jew","LGPN_34390","S. Italy (Apulia)","Venusia","","40.9624","15.8158"
"V3a-28887","3a","1","Ἀναστάσις","v AD","1","400","500","Jew","LGPN_34390","S. Italy (Apulia)","Venusia","","40.9624","15.8158"
"V3a-28888","3a","17","Κάλλιστος","v AD","1","400","500","Jew","LGPN_34390","S. Italy (Apulia)","Venusia","","40.9624","15.8158"
"V3a-28889","3a","6","Βερενίκη","v AD","2","400","500","Jew","LGPN_34390","S. Italy (Apulia)","Venusia","","40.9624","15.8158"
"V3a-28890","3a","6","Ἰωσῆς","v AD","1","400","500","Jew","LGPN_34390","S. Italy (Apulia)","Venusia","","40.9624","15.8158"
"V3a-28891","3a","2","Φαυστῖνος","v AD","1","400","500","Jew","LGPN_34390","S. Italy (Apulia)","Venusia","","40.9624","15.8158"
"V3a-28892","3a","3","Λογγῖνος","v AD","1","400","500","Jew","LGPN_34390","S. Italy (Apulia)","Venusia","","40.9624","15.8158"
"V3a-28893","3a","1","Μαννίνα","v AD","2","400","500","Jew","LGPN_34390","S. Italy (Apulia)","Venusia","","40.9624","15.8158"
"V3a-28894","3a","3","Φαυστῖνος","v AD","1","400","500","Jew","LGPN_34390","S. Italy (Apulia)","Venusia","","40.9624","15.8158"
"V3a-28896","3a","2","Φαυστῖνα","v AD","2","400","500","Jew","LGPN_34390","S. Italy (Apulia)","Venusia","","40.9624","15.8158"
"V3a-28897","3a","1","Πρετιῶσα","v AD","2","400","500","Jew","LGPN_34390","S. Italy (Apulia)","Venusia","","40.9624","15.8158"
"V3a-28898","3a","4","Φαυστῖνος","v AD","1","400","500","Jew","LGPN_34390","S. Italy (Apulia)","Venusia","","40.9624","15.8158"
"V3a-28899","3a","1","Ἰοῦστα","v AD","2","400","500","Jew","LGPN_34390","S. Italy (Apulia)","Venusia","","40.9624","15.8158"
"V3a-28901","3a","2","Ἰωσήφ","v AD","1","400","500","Jew","LGPN_34390","S. Italy (Apulia)","Venusia","","40.9624","15.8158"
"V3a-28902","3a","1","Ἰωσήφ","v AD","1","400","500","Jew","LGPN_34390","S. Italy (Apulia)","Venusia","","40.9624","15.8158"
"V3a-28903","3a","3","Φαυστῖνα","v AD","2","400","500","Jew","LGPN_34390","S. Italy (Apulia)","Venusia","","40.9624","15.8158"
"V3a-28904","3a","3","῎Ανα","v AD","2","400","500","Jew","LGPN_34390","S. Italy (Apulia)","Venusia","","40.9624","15.8158"
"V3a-28905","3a","4","Ἰσᾶς","v AD","1","400","500","Jew","LGPN_34390","S. Italy (Apulia)","Venusia","","40.9624","15.8158"
"V3a-28907","3a","1","Αἰλιανός","v AD","1","400","500","Jew","LGPN_34390","S. Italy (Apulia)","Venusia","","40.9624","15.8158"
"V3a-28908","3a","1","῎Ασελλα","v AD","2","400","500","Jew","LGPN_34390","S. Italy (Apulia)","Venusia","","40.9624","15.8158"
"V3a-28909","3a","6","Φαυστῖνος","v AD","1","400","500","Jew","LGPN_34390","S. Italy (Apulia)","Venusia","","40.9624","15.8158"
"V3a-28910","3a","7","Φαυστῖνος","v AD","1","400","500","Jew","LGPN_34390","S. Italy (Apulia)","Venusia","","40.9624","15.8158"
"V3a-28911","3a","3","Ἰωσήφ","v AD","1","400","500","Jew","LGPN_34390","S. Italy (Apulia)","Venusia","","40.9624","15.8158"
"V3a-28912","3a","4","Ἰωσῆς","iv-v AD","1","400","500","Jew","LGPN_34390","S. Italy (Apulia)","Venusia","","40.9624","15.8158"
"V3a-28913","3a","1","Νουμέριος","iv-v AD","1","400","500","Jew","LGPN_34390","S. Italy (Apulia)","Venusia","","40.9624","15.8158"
"V3a-28914","3a","1","Ῥωμύλος","iv-v AD","1","400","500","Jew","LGPN_34390","S. Italy (Apulia)","Venusia","","40.9624","15.8158"
"V3a-28915","3a","1","῾Εσπερᾶτος","v AD","1","400","500","Jew","LGPN_34390","S. Italy (Apulia)","Venusia","","40.9624","15.8158"
"V3a-28916","3a","2","Ἰανουάριος","v AD","1","400","500","Jew","LGPN_34390","S. Italy (Apulia)","Venusia","","40.9624","15.8158"
"V3a-28917","3a","7","Λεόντιος","v AD","1","400","500","Jew","LGPN_34390","S. Italy (Apulia)","Venusia","","40.9624","15.8158"
"V3a-28918","3a","1","Βινκόμαλος","iv-v AD","1","400","500","Jew","LGPN_34390","S. Italy (Apulia)","Venusia","","40.9624","15.8158"
"V3a-28919","3a","2","Βίτος","iv-v AD","1","400","500","Jew","LGPN_34390","S. Italy (Apulia)","Venusia","","40.9624","15.8158"
"V3a-28920","3a","2","Σάρα","iv-v AD","2","400","500","Jew","LGPN_34390","S. Italy (Apulia)","Venusia","","40.9624","15.8158"
"V3a-28921","3a","1","Φαυστῖνος","iv-v AD","1","400","500","Jew","LGPN_34390","S. Italy (Apulia)","Venusia","","40.9624","15.8158"
"V3a-28922","3a","2","Μάρκελλος","iv-v AD","1","400","500","Jew","LGPN_34390","S. Italy (Apulia)","Venusia","","40.9624","15.8158"
"V3a-28923","3a","1","Αὐξάνιος","iv-v AD","1","400","500","Jew","LGPN_34390","S. Italy (Apulia)","Venusia","","40.9624","15.8158"
"V3a-28924","3a","1","Φαυστῖνα","iv-v AD","2","400","500","Jew","LGPN_34390","S. Italy (Apulia)","Venusia","","40.9624","15.8158"
"V3a-28925","3a","1","Ἀζαρία","byz.","1","311","999","Jew","LGPN_33938","S. Italy (Calabria)","Taras-Tarentum","","40.4694","17.24"
"V3a-28926","3a","1","Δαυδᾶτος","byz.","1","311","999","Jew","LGPN_33938","S. Italy (Calabria)","Taras-Tarentum","","40.4694","17.24"
"V3a-28927","3a","1","Σόσαννα","byz.","2","311","999","Jew","LGPN_33938","S. Italy (Calabria)","Taras-Tarentum","","40.4694","17.24"
"V3a-28928","3a","9","Ἠλίας","byz.","1","311","999","Jew","LGPN_33938","S. Italy (Calabria)","Taras-Tarentum","","40.4694","17.24"
"V3a-28929","3a","2","Ἰακώβ","byz.","1","311","999","Jew","LGPN_33938","S. Italy (Calabria)","Taras-Tarentum","","40.4694","17.24"
"V3a-28930","3a","1","Γλύκα","iii-iv AD","2","300","400","Jew","LGPN_35344","S. Italy (Calabria)","Hydrous-Hydruntum","","40.148","18.4858"
"V3a-28931","3a","6","Σαβῖνος","iii-iv AD","1","300","400","Jew","LGPN_35344","S. Italy (Calabria)","Hydrous-Hydruntum","","40.148","18.4858"
"V3a-31605","3a","75","Ἀνδρόνικος","v AD","1","400","500","Jew","LGPN_34390","S. Italy (Apulia)","Venusia","","40.9624","15.8158"
"V3a-31606","3a","4","Ἀλεξάνδρα","v-vi AD","2","500","600","Jew","LGPN_34390","S. Italy (Apulia)","Venusia","","40.9624","15.8158"
"V3a-32115","3a","176","Φίλιππος","i-ii AD","1","100","200","Jew","LGPN_34396","S. Italy (Campania)","Dikaiarchia-Puteoli","","40.821","14.12"
"V3a-33731","3a","1","Σαββάτιος","s.iii AD","1","250","299","Jew","LGPN_34368","S. Italy (Lucania)","Cosilinum","","40.3406","15.658"
"V3a-34087","3a","16","Εἰρήνη","v AD","2","400","500","Jew","LGPN_33935","S. Italy (Campania)","Neapolis","","40.8508","14.2572"
"V3a-34088","3a","1","Πάσχασος","v AD","1","400","500","Jew","LGPN_33935","S. Italy (Campania)","Neapolis","","40.8508","14.2572"
"V3a-34089","3a","2","Πάσχασος","v AD","1","400","500","Jew","LGPN_33935","S. Italy (Campania)","Neapolis","","40.8508","14.2572"
"V3a-34090","3a","1","Συμονᾶς","521AD","1","521","521","Jew","LGPN_34326","S. Italy (Calabria)","Lupiae","","40.3533","18.174"
"V3a-34634","3a","2","῾Ιλαριανός","v-vi AD","1","500","600","Jew","LGPN_34388","S. Italy (Apulia)","Canusium","","41.2225","16.066"
"V3a-34929","3a","2","Ἀνατόλιος","vii-8 AD","1","700","800","Jew","LGPN_33938","S. Italy (Calabria)","Taras-Tarentum","","40.4694","17.24"
"V3a-34930","3a","13","Σιλανός","imp.","1","-31","310","Jew","LGPN_33938","S. Italy (Calabria)","Taras-Tarentum","","40.4694","17.24"
"V3a-35309","3a","5","Ἰσᾶς","521AD","1","521","521","Jew","LGPN_34448","S. Italy (Apulia)","Teanum Apulum","","41.7394","15.2613"
"V3a-35417","3a","4","Λεοντία","c.448-503AD","2","448","503","Jew","LGPN_34390","S. Italy (Apulia)","Venusia","","40.9624","15.8158"
"V3a-37822","3a","1","Βαρνᾶς","iii-v AD","1","300","500","Jew","LGPN_35060","Sicily","Priolo (mod.)","","37.1567","15.1881"
"V3a-38327","3a","4","Εἰρήνα","iii AD","2","200","300","Jew","LGPN_33928","Sicily","Syracuse","","37.0665","15.2844"
"V3a-38344","3a","24","Εἰρήνη","383AD","2","383","383","Jew","LGPN_33928","Sicily","Syracuse","","37.0665","15.2844"
"V3a-38536","3a","1","Εὐαγγελίς","iii-v AD","2","300","500","Jew","LGPN_34534","Sicily","Katane","","37.5028","15.0883"
"V3a-38881","3a","2","Ζωσιμιανός","iv-v AD","1","400","500","Jew","LGPN_34534","Sicily","Katane","","37.5028","15.0883"
"V3a-38912","3a","10","Ἠλίας","iii-v AD","1","300","500","Jew","LGPN_33928","Sicily","Syracuse","","37.0665","15.2844"
"V3a-39208","3a","20","Ἰάσων","iv AD","1","300","400","Jew","LGPN_35026","Sicily","Akrillai","","37.0325","14.7023"
"V3a-39287","3a","1","Ἰούδας","iv AD","1","300","400","Jew","LGPN_34516","Sicily","Gela-Phintias","","37.1022","13.9376"
"V3a-39427","3a","7","Καλλιόπη","iii-v AD","2","300","500","Jew","LGPN_34534","Sicily","Katane","","37.5028","15.0883"
"V3a-39727","3a","1","Λεοντία","iii-v AD","2","300","500","Jew","LGPN_34534","Sicily","Katane","","37.5028","15.0883"
"V3a-40879","3a","16","Σίμων","iii-iv AD","1","300","400","Jew","LGPN_33912","Sicily","Akragas","","37.2898","13.5919"
"V3a-52354","3a","15","Ἀφροδισία","ii-iii AD","2","200","300","Jew","LGPN_33357","Epiros","Phoinike","","0","0"
"V3a-63001","3a","1","Εὐλογία","iv-v AD","2","400","500","Jew","LGPN_34952","Sicily","Melita","","35.9375","14.3754"
"V3a-63002","3a","20","Διονυσία","iv-v AD","2","400","500","Jew","LGPN_34952","Sicily","Melita","","35.9375","14.3754"
"V3a-63003","3a","7","Εἰρήνα","iv-v AD","2","400","500","Jew","LGPN_34952","Sicily","Melita","","35.9375","14.3754"
"V3a-63004","3a","6","Βόηθος","iv-v AD","1","400","500","Jew","LGPN_34952","Sicily","Melita","","35.9375","14.3754"
"V3b-6657","3b","93","Ἀλέξανδρος","i AD","1","0","100","Jew","LGPN_33807","Thessaly (Pelasgiotis)","Larisa","","39.6333","22.4167"
"V3b-7101","3b","2","῎Αννα","iii-iv AD","2","300","400","Jew","LGPN_34698","Thessaly (Achaia Phthiotis)","Thebes","","38.19","23.19"
"V3b-7695","3b","4","Ἀρέσκουσα","imp.","2","-31","310","Jew","LGPN_33587","Thessaly (Pelasgiotis)","Pherai","","0","0"
"V3b-8566","3b","1","Ἀστερία","byz.","2","311","999","Jew","LGPN_35620","Thessaly (Achaia Phthiotis)","Thebes (Almyros (mod.))","","0","0"
"V3b-9433","3b","7","Δέκμος","imp.","1","-31","310","Jew","LGPN_33587","Thessaly (Pelasgiotis)","Pherai","","0","0"
"V3b-9655","3b","5","Δημώ","ii-iii AD","2","200","300","Jew","LGPN_33807","Thessaly (Pelasgiotis)","Larisa","","39.6333","22.4167"
"V3b-9866","3b","5","Διομήδης","imp.","1","-31","310","Jew","LGPN_33587","Thessaly (Pelasgiotis)","Pherai","","0","0"
"V3b-10535","3b","1","῎Εσδρας","imp.","1","-31","310","Jew","LGPN_34698","Thessaly (Achaia Phthiotis)","Thebes","","38.19","23.19"
"V3b-10894","3b","1","Εὐκρατέα","iii AD","2","200","300","Jew","LGPN_33807","Thessaly (Pelasgiotis)","Larisa","","39.6333","22.4167"
"V3b-10907","3b","62","Εὐκράτης","iii AD","1","200","300","Jew","LGPN_33807","Thessaly (Pelasgiotis)","Larisa","","39.6333","22.4167"
"V3b-11387","3b","71","Ζώσιμος","imp.","1","-31","310","Jew","LGPN_33807","Thessaly (Pelasgiotis)","Larisa","","39.6333","22.4167"
"V3b-11695","3b","36","Θεόδοτος","byz.","1","311","999","Jew","LGPN_34698","Thessaly (Achaia Phthiotis)","Thebes","","38.19","23.19"
"V3b-11823","3b","3","Θεοφίλα","imp.","2","-31","310","Jew","LGPN_33807","Thessaly (Pelasgiotis)","Larisa","","39.6333","22.4167"
"V3b-12137","3b","2","Ἰούδας","imp.","1","-31","310","Jew","LGPN_33807","Thessaly (Pelasgiotis)","Larisa","","39.6333","22.4167"
"V3b-12138","3b","3","Ἰούδας","iii-iv AD","1","300","400","Jew","LGPN_33807","Thessaly (Pelasgiotis)","Larisa","","39.6333","22.4167"
"V3b-12139","3b","1","Ἰούδας","byz.","1","311","999","Jew","LGPN_35620","Thessaly (Achaia Phthiotis)","Thebes (Almyros (mod.))","","0","0"
"V3b-12298","3b","1","῾Ιππονικίς","iii-v AD","2","300","500","Jew","LGPN_33807","Thessaly (Pelasgiotis)","Larisa","","39.6333","22.4167"
"V3b-12411","3b","1","Ἰωνάθης","imp.","1","-31","310","Jew","LGPN_34698","Thessaly (Achaia Phthiotis)","Thebes","","38.19","23.19"
"V3b-12970","3b","11","Κόϊντος","imp.","1","-31","310","Jew","LGPN_33807","Thessaly (Pelasgiotis)","Larisa","","39.6333","22.4167"
"V3b-13413","3b","1","Λεοντία","byz.","2","311","999","Jew","LGPN_34698","Thessaly (Achaia Phthiotis)","Thebes","","38.19","23.19"
"V3b-13421","3b","5","Λεοντίσκος","iii-iv AD","1","300","400","Jew","LGPN_33807","Thessaly (Pelasgiotis)","Larisa","","39.6333","22.4167"
"V3b-13482","3b","12","Λεύκιος","imp.","1","-31","310","Jew","LGPN_33807","Thessaly (Pelasgiotis)","Larisa","","39.6333","22.4167"
"V3b-13483","3b","14","Λεύκιος","iii-v AD","1","300","500","Jew","LGPN_33807","Thessaly (Pelasgiotis)","Larisa","","39.6333","22.4167"
"V3b-13922","3b","5","Μάξιμος","iii AD","1","200","300","Jew","LGPN_33807","Thessaly (Pelasgiotis)","Larisa","","39.6333","22.4167"
"V3b-13923","3b","6","Μάξιμος","iii AD","1","200","300","Jew","LGPN_33807","Thessaly (Pelasgiotis)","Larisa","","39.6333","22.4167"
"V3b-13929","3b","5","Μαρία","iii-iv AD","2","300","400","Jew","LGPN_33807","Thessaly (Pelasgiotis)","Larisa","","39.6333","22.4167"
"V3b-14138","3b","68","Μένανδρος","imp.","1","-31","310","Jew","LGPN_33807","Thessaly (Pelasgiotis)","Larisa","","39.6333","22.4167"
"V3b-14139","3b","69","Μένανδρος","imp.","1","-31","310","Jew","LGPN_33807","Thessaly (Pelasgiotis)","Larisa","","39.6333","22.4167"
"V3b-14140","3b","80","Μένανδρος","imp.","1","-31","310","Jew","LGPN_33807","Thessaly (Pelasgiotis)","Larisa","","39.6333","22.4167"
"V3b-14144","3b","70","Μένανδρος","ii-iii AD","1","200","300","Jew","LGPN_33807","Thessaly (Pelasgiotis)","Larisa","","39.6333","22.4167"
"V3b-15141","3b","54","Νικόλαος","imp.","1","-31","310","Jew","LGPN_33807","Thessaly (Pelasgiotis)","Larisa","","39.6333","22.4167"
"V3b-16139","3b","1","Περιστερία","iii-iv AD","2","300","400","Jew","LGPN_34698","Thessaly (Achaia Phthiotis)","Thebes","","38.19","23.19"
"V3b-17012","3b","1","Σαούλ","iii-iv AD","1","300","400","Jew","LGPN_34698","Thessaly (Achaia Phthiotis)","Thebes","","38.19","23.19"
"V3b-17054","3b","4","Σεκοῦνδος","ii AD","1","100","200","Jew","LGPN_33807","Thessaly (Pelasgiotis)","Larisa","","39.6333","22.4167"
"V3b-17055","3b","3","Σεκοῦνδος","ii AD","1","100","200","Jew","LGPN_33807","Thessaly (Pelasgiotis)","Larisa","","39.6333","22.4167"
"V3b-17060","3b","26","Σέλευκος","imp.","1","-31","310","Jew","LGPN_33807","Thessaly (Pelasgiotis)","Larisa","","39.6333","22.4167"
"V3b-17061","3b","27","Σέλευκος","imp.","1","-31","310","Jew","LGPN_33807","Thessaly (Pelasgiotis)","Larisa","","39.6333","22.4167"
"V3b-18090","3b","1","Τιτιανός","ii-iii AD","1","200","300","Jew","LGPN_33807","Thessaly (Pelasgiotis)","Larisa","","39.6333","22.4167"
"V3b-18432","3b","1","Φιλιππᾶς","imp.","1","-31","310","Jew","LGPN_33807","Thessaly (Pelasgiotis)","Larisa","","39.6333","22.4167"
"V3b-48003","3b","20","῾Ερμογένης","iii/iv AD","1","375","425","Jew","LGPN_33807","Thessaly (Pelasgiotis)","Larisa","","39.6333","22.4167"
"V4-6428","4","2","Εὐγένις","iv-v AD","1","400","500","Jew","LGPN_41412","Thrace","Perinthos-Herakleia","","42.857","25.98"
"V4-8158","4","1","Ἰσαάκ","iv-vi AD","1","400","600","Jew","LGPN_41424","Thrace","Bisanthe-Panion","","41.3333","26.75"
"V4-8159","4","2","Ἰσαάκ","iii/iv AD","1","375","425","Jew","LGPN_41722","Thrace","Philippopolis-Trimontium","","41.3333","26.75"
"V4-8243","4","1","Ἰωσήφ","f.iii AD","1","201","250","Jew","LGPN_41722","Thrace","Philippopolis-Trimontium","","41.3333","26.75"
"V4-8244","4","2","Ἰωσήφ","v AD","1","400","500","Jew","LGPN_41426","Thrace","Salymbria","","41.3333","26.75"
"V4-8779","4","4","Κοσμιανός","f.iii AD","1","201","250","Jew","LGPN_41722","Thrace","Philippopolis-Trimontium","","41.3333","26.75"
"V4-11141","4","1","Ὀξυχόλιος","iii-iv AD","1","300","400","Jew","LGPN_40624","Macedonia (Edonis)","Philippoi","","41.027","24.345"
"V4-12102","4","1","Ῥεβέκα","iv-v AD","2","400","500","Jew","LGPN_41440","Thrace","Bizye","","41.3333","26.75"
"V4-15530","4","1","῎Ανος","51AD","1","51","51","Jew","LGPN_41020","Cimmerian Bosporos","Phanagoreia","","0","0"
"V4-17466","4","3","Δροῦσος","81AD","1","81","81","Jew","LGPN_41018","Cimmerian Bosporos","Pantikapaion","","0","0"
"V4-17523","4","3","῾Ελικωνιάς","81AD","2","81","81","Jew","LGPN_41018","Cimmerian Bosporos","Pantikapaion","","0","0"
"V4-18284","4","20","῾Ηρακλείδης","81AD","1","81","81","Jew","LGPN_41018","Cimmerian Bosporos","Pantikapaion","","0","0"
"V4-19831","4","2","Μέμνων","iv-v AD","1","400","500","Jew","LGPN_41102","Cimmerian Bosporos","Taman peninsula","","0","0"
"V4-21537","4","1","Σαμουήλ","iv AD","1","300","400","Jew","LGPN_41018","Cimmerian Bosporos","Pantikapaion","","0","0"
"V4-21623","4","1","Σεβῆρος","iv AD","1","300","400","Jew","LGPN_41018","Cimmerian Bosporos","Pantikapaion","","0","0"
"V4-21742","4","3","Σόγος","51AD","1","51","51","Jew","LGPN_41020","Cimmerian Bosporos","Phanagoreia","","0","0"
"V4-22829","4","13","Χρήστη","81AD","2","81","81","Jew","LGPN_41018","Cimmerian Bosporos","Pantikapaion","","0","0"
"V4-22985","4","18","Ψυχαρίων","51AD","1","51","51","Jew","LGPN_41020","Cimmerian Bosporos","Phanagoreia","","0","0"
"V4-24004","4","1","Ἀβράμιος","v-vi AD","1","500","600","Jew","LGPN_40552","Macedonia (Mygdonia)","Thessalonike","","40.633","22.958"
"V4-25013","4","2","῎Αννα","s.iii AD","2","250","299","Jew","LGPN_40552","Macedonia (Mygdonia)","Thessalonike","","40.633","22.958"
"V4-25014","4","3","῎Αννα","491-518AD","2","491","518","Jew","LGPN_40552","Macedonia (Mygdonia)","Thessalonike","","40.633","22.958"
"V4-26096","4","1","Ἀσυγκρίτιον","f.iii AD","2","201","250","Jew","LGPN_40552","Macedonia (Mygdonia)","Thessalonike","","40.633","22.958"
"V4-26325","4","1","Βενιαμῆς","iv-vi AD","1","400","600","Jew","LGPN_40552","Macedonia (Mygdonia)","Thessalonike","","40.633","22.958"
"V4-26669","4","1","Γοργόνις","iv AD","1","300","400","Jew","LGPN_40210","Macedonia (Bottiaia)","Beroia","","40.523","22.203"
"V4-27571","4","2","Δομέτιος","iv-vi AD","1","400","600","Jew","LGPN_40552","Macedonia (Mygdonia)","Thessalonike","","40.633","22.958"
"V4-28435","4","2","Εὐτύχιος","s.iii AD","1","250","299","Jew","LGPN_40552","Macedonia (Mygdonia)","Thessalonike","","40.633","22.958"
"V4-29175","4","3","Θεοδόσιος","iv AD","1","300","400","Jew","LGPN_40210","Macedonia (Bottiaia)","Beroia","","40.523","22.203"
"V4-29189","4","15","Θεοδότη","v-vi AD","2","500","600","Jew","LGPN_40552","Macedonia (Mygdonia)","Thessalonike","","40.633","22.958"
"V4-29262","4","58","Θεόδωρος","s.iii AD","1","250","299","Jew","LGPN_40552","Macedonia (Mygdonia)","Thessalonike","","40.633","22.958"
"V4-29402","4","1","Ἰακώβ","s.iii AD","1","250","299","Jew","LGPN_40552","Macedonia (Mygdonia)","Thessalonike","","40.633","22.958"
"V4-29545","4","1","Ἰουστῖνος","iv AD","1","300","400","Jew","LGPN_40210","Macedonia (Bottiaia)","Beroia","","40.523","22.203"
"V4-30523","4","4","Λεόντιος","iv-v AD","1","400","500","Jew","LGPN_40210","Macedonia (Bottiaia)","Beroia","","40.523","22.203"
"V4-31035","4","2","Μαρία","iv-v AD","2","400","500","Jew","LGPN_40210","Macedonia (Bottiaia)","Beroia","","40.523","22.203"
"V4-33560","4","11","Πύρρος","m.i AD","1","25","75","Jew","LGPN_40210","Macedonia (Bottiaia)","Beroia","","40.523","22.203"
"V4-33850","4","10","Σίμων","s.iii AD","1","250","299","Jew","LGPN_40552","Macedonia (Mygdonia)","Thessalonike","","40.633","22.958"
"V4-34136","4","5","Σώπατρος","m.i AD","1","25","75","Jew","LGPN_40210","Macedonia (Bottiaia)","Beroia","","40.523","22.203"
"V4-34337","4","2","Τερτία","iv-v AD","2","400","500","Jew","LGPN_40210","Macedonia (Bottiaia)","Beroia","","40.523","22.203"
"V4-36007","4","6","Ποσειδωνία","iii AD","2","200","300","Jew","LGPN_42044","Macedonia (Paionia)","Stoboi","","0","0"
"V4-36019","4","4","Εὐστάθιος","vi AD","1","500","600","Jew","LGPN_42044","Macedonia (Paionia)","Stoboi","","0","0"
"V4-36335","4","12","Κρατεύας","ii AD","1","100","200","Jew","LGPN_42092","Macedonia (Pelagonia)","","","0","0"
"V4-36339","4","2","Παρμενίδης","ii AD","1","100","200","Jew","LGPN_42092","Macedonia (Pelagonia)","","","0","0"
"V4-36340","4","5","῎Αννα","ii AD","2","100","200","Jew","LGPN_42092","Macedonia (Pelagonia)","","","0","0"
"V4-37434","4","9","Πολύχαρμος","281AD","1","281","281","Jew","LGPN_42044","Macedonia (Paionia)","Stoboi","","0","0"
"V4-37435","4","8","Πολύχαρμος","ii-iii AD","1","200","300","Jew","LGPN_42044","Macedonia (Paionia)","Stoboi","","0","0"
"V4-37436","4","1","Ἀχύριος","281AD","1","281","281","Jew","LGPN_42044","Macedonia (Paionia)","Stoboi","","0","0"
"V5a-1086","5a","21","Ἀκύλας","f.ii AD","1","101","150","Jew","LGPN_50494","Pontos","Sinope","","0","0"
"V5a-1896","5a","1","Εὐθύμιος","byz.","1","311","999","Jew","LGPN_51526","Pontos","Trapezous","","0","0"
"V5a-5263","5a","1","Γερόντιος","byz.","1","311","999","Jew","LGPN_50488","Bithynia","Kalchedon","","0","0"
"V5a-5840","5a","1","Ἐθελάσιος","a.212AD","1","212","262","Jew","LGPN_41710","Thrace","Nicopolis ad Istrum","","41.3333","26.75"
"V5a-6419","5a","1","Θαμάρ","a.212AD","2","212","262","Jew","LGPN_41710","Thrace","Nicopolis ad Istrum","","41.3333","26.75"
"V5a-6575","5a","1","Ἰάκωβος","byz.","1","311","999","Jew","LGPN_50488","Bithynia","Kalchedon","","0","0"
"V5a-6710","5a","1","Ἰουλιάς","a.212AD","2","212","262","Jew","LGPN_41710","Thrace","Nicopolis ad Istrum","","41.3333","26.75"
"V5a-6873","5a","1","Καπίτυλλα","iii AD","2","200","300","Jew","LGPN_41710","Thrace","Nicopolis ad Istrum","","41.3333","26.75"
"V5a-7074","5a","1","Κυρίων","a.212AD","1","212","262","Jew","LGPN_41710","Thrace","Nicopolis ad Istrum","","41.3333","26.75"
"V5a-7113","5a","1","Λεόντιος","byz.","1","311","999","Jew","LGPN_50488","Bithynia","Kalchedon","","0","0"
"V5a-7272","5a","1","Μακεδόνιος","a.212AD","1","212","262","Jew","LGPN_41710","Thrace","Nicopolis ad Istrum","","41.3333","26.75"
"V5a-8659","5a","1","Σαμβάτις","byz.","1","311","999","Jew","LGPN_50488","Bithynia","Kalchedon","","0","0"
"V5a-10973","5a","307","Ἀπολλόδωρος","133BC","1","-133","-133","Jew","LGPN_50920","Troas","Gargara","","0","0"
"V5a-15153","5a","102","Ζώπυρος","iii AD","1","200","300","Jew","LGPN_50440","Mysia","Pergamon","","35.4042","33.7833"
"V5a-18876","5a","5","Νόννος","m.v AD","1","425","475","Jew","LGPN_50110","Mysia","Kyzikos","","0","0"
"V5a-19450","5a","2","Πλουσία","133BC","2","-133","-133","Jew","LGPN_50920","Troas","Gargara","","0","0"
"V5a-19940","5a","1","Ῥάβλα","v-vi AD","2","500","600","Jew","LGPN_50110","Mysia","Kyzikos","","0","0"
"V5a-20153","5a","1","Σήας","v-vi AD","1","500","600","Jew","LGPN_50110","Mysia","Kyzikos","","0","0"
"V5a-22007","5a","144","Ἀλέξανδρος","m.i AD","1","25","75","Jew","LGPN_50130","Ionia","Ephesos","","38","22"
"V5a-24245","5a","45","Τρύφων","f.ii AD","1","101","150","Jew","LGPN_50130","Ionia","Ephesos","","38","22"
"V5a-31452","5a","15","Ἰουλία","ii AD","2","100","200","Jew","LGPN_50130","Ionia","Ephesos","","38","22"
"V5a-31453","5a","1","Μούσσιος","iii AD","1","200","300","Jew","LGPN_50130","Ionia","Ephesos","","38","22"
"V5a-31456","5a","1","Ἐμπέδων","imp.","1","-31","310","Jew","LGPN_50478","Aiolis","Kyme","","0","0"
"V5a-31457","5a","3","Στράτων","imp.","1","-31","310","Jew","LGPN_50478","Aiolis","Kyme","","0","0"
"V5a-31458","5a","1","Τάτιον","imp.","2","-31","310","Jew","LGPN_50478","Aiolis","Kyme","","0","0"
"V5a-31459","5a","1","Εἰρηνοποιός","iv-v AD","1","400","500","Jew","LGPN_50410","Ionia","Smyrna","","0","0"
"V5a-31460","5a","1","Ἰακώβ","iv-v AD","1","400","500","Jew","LGPN_50410","Ionia","Smyrna","","0","0"
"V5a-31461","5a","1","Δωσᾶς","iv-v AD","1","400","500","Jew","LGPN_50410","Ionia","Smyrna","","0","0"
"V5a-31462","5a","15","Ῥουφῖνα","iii-iv AD","2","300","400","Jew","LGPN_50410","Ionia","Smyrna","","0","0"
"V5a-31464","5a","2","῎Αννα","ii-iii AD","2","200","300","Jew","LGPN_50410","Ionia","Smyrna","","0","0"
"V5a-31465","5a","2","Ἰούδας","ii-iii AD","1","200","300","Jew","LGPN_50410","Ionia","Smyrna","","0","0"
"V5a-31466","5a","14","Δημώ","iii AD","2","200","300","Jew","LGPN_50190","Ionia","Teos","","38","22"
"V5a-31467","5a","1","Ἰωσῆς","iii AD","1","200","300","Jew","LGPN_50190","Ionia","Teos","","38","22"
"V5a-38976","5a","1","Θεοδοτίων","m.ii AD","1","125","175","Jew","LGPN_50130","Ionia","Ephesos","","38","22"
"V5a-43104","5a","2","Ἀθανασία","iii-iv AD","2","300","400","Jew","LGPN_50550","Lydia","Philadelpheia","","0","0"
"V5a-43219","5a","1","Ἀκουσίλαος","ii-iii AD","1","200","300","Jew","LGPN_50670","Lydia","Halokome","","0","0"
"V5a-43426","5a","468","Ἀλέξανδρος","iii/iv AD","1","375","425","Jew","LGPN_50472","Lydia","Sardis","","0","0"
"V5a-43896","5a","2","Ἀνατόλιος","iii/iv AD","1","375","425","Jew","LGPN_50472","Lydia","Sardis","","0","0"
"V5a-45993","5a","51","Βασιλείδης","iv-vi AD","1","400","600","Jew","LGPN_50472","Lydia","Sardis","","0","0"
"V5a-46204","5a","1","Γητιωρής","iv AD","2","300","400","Jew","LGPN_50472","Lydia","Sardis","","0","0"
"V5a-46397","5a","9","Γλυκωνίς","s.iii AD","2","250","299","Jew","LGPN_50636","Lydia","Apollonia-Tripolis","","0","0"
"V5a-47313","5a","1","῾Εορτάσιος","s.iii AD","1","250","299","Jew","LGPN_50636","Lydia","Apollonia-Tripolis","","0","0"
"V5a-47757","5a","274","῾Ερμογένης","iv-v AD","1","400","500","Jew","LGPN_50472","Lydia","Sardis","","0","0"
"V5a-47758","5a","275","῾Ερμογένης","a.380AD","1","380","430","Jew","LGPN_50472","Lydia","Sardis","","0","0"
"V5a-47860","5a","4","῾Ερμόφιλος","iii-iv AD","1","300","400","Jew","LGPN_50550","Lydia","Philadelpheia","","0","0"
"V5a-47963","5a","1","Εὐλόγιος","c.380AD","1","380","380","Jew","LGPN_50472","Lydia","Sardis","","0","0"
"V5a-48046","5a","3","Εὐστάθιος","iii-iv AD","1","300","400","Jew","LGPN_50550","Lydia","Philadelpheia","","0","0"
"V5a-48097","5a","26","Εὐτυχία","iv-v AD","2","400","500","Jew","LGPN_50550","Lydia","Philadelpheia","","0","0"
"V5a-48126","5a","29","Εὐτυχιανός","v AD","1","400","500","Jew","LGPN_50472","Lydia","Sardis","","0","0"
"V5a-48194","5a","13","Εὐφρόσυνος","iv/v AD","1","475","525","Jew","LGPN_50472","Lydia","Sardis","","0","0"
"V5a-48195","5a","12","Εὐφρόσυνος","iv/v AD","1","475","525","Jew","LGPN_50472","Lydia","Sardis","","0","0"
"V5a-48196","5a","11","Εὐφρόσυνος","iv/v AD","1","475","525","Jew","LGPN_50472","Lydia","Sardis","","0","0"
"V5a-48265","5a","59","Ζήνων","iv/v AD","1","475","525","Jew","LGPN_50472","Lydia","Sardis","","0","0"
"V5a-48519","5a","3","῾Ησύχιος","iv-v AD","1","400","500","Jew","LGPN_50550","Lydia","Philadelpheia","","0","0"
"V5a-48647","5a","134","Θεόδωρος","iv/v AD","1","475","525","Jew","LGPN_50472","Lydia","Sardis","","0","0"
"V5a-48650","5a","4","Θεόκτιστος","vi/vii AD","1","675","725","Jew","LGPN_50472","Lydia","Sardis","","0","0"
"V5a-48768","5a","1","῾Ιλάσιος","C350AD","1","350","350","Jew","LGPN_50472","Lydia","Sardis","","0","0"
"V5a-48803","5a","3","Ἰούδας","iv-v AD","1","400","500","Jew","LGPN_50550","Lydia","Philadelpheia","","0","0"
"V5a-48877","5a","104","Ἰουλιανός","s.iii AD","1","250","299","Jew","LGPN_50636","Lydia","Apollonia-Tripolis","","0","0"
"V5a-48888","5a","117","Ἰουλιανός","iv/v AD","1","475","525","Jew","LGPN_50548","Lydia","Hypaipa","","0","0"
"V5a-49000","5a","1","῾Ιππάσιος","Sv AD","1","450","499","Jew","LGPN_50472","Lydia","Sardis","","0","0"
"V5a-49001","5a","2","῾Ιππάσιος","Sv AD","1","450","499","Jew","LGPN_50472","Lydia","Sardis","","0","0"
"V5a-49050","5a","37","Ἰωάννης","vi/vii AD","1","675","725","Jew","LGPN_50472","Lydia","Sardis","","0","0"
"V5a-49054","5a","1","Ἰωσήφ","iv AD","1","300","400","Jew","LGPN_50550","Lydia","Philadelpheia","","0","0"
"V5a-49218","5a","1","Κέλαινος","iv/v AD","1","475","525","Jew","LGPN_50472","Lydia","Sardis","","0","0"
"V5a-49555","5a","12","Λεόντιος","v-vi AD","1","500","600","Jew","LGPN_50472","Lydia","Sardis","","0","0"
"V5a-49556","5a","13","Λεόντιος","v-vi AD","1","500","600","Jew","LGPN_50472","Lydia","Sardis","","0","0"
"V5a-49557","5a","11","Λεόντιος","iv-v AD","1","400","500","Jew","LGPN_50472","Lydia","Sardis","","0","0"
"V5a-49926","5a","124","Μᾶρκος","v AD","1","400","500","Jew","LGPN_50472","Lydia","Sardis","","0","0"
"V5a-50113","5a","2","Μεμνόνιος","v AD","1","400","500","Jew","LGPN_50472","Lydia","Sardis","","0","0"
"V5a-50218","5a","249","Μένανδρος","iv AD","1","300","400","Jew","LGPN_50472","Lydia","Sardis","","0","0"
"V5a-51607","5a","11","Ὀλύμπιος","c.380AD","1","380","380","Jew","LGPN_50472","Lydia","Sardis","","0","0"
"V5a-52062","5a","1","Πηγάσιος","iv/v AD","1","475","525","Jew","LGPN_50472","Lydia","Sardis","","0","0"
"V5a-52188","5a","1","Πολύϊππος","c.380AD","1","380","380","Jew","LGPN_50472","Lydia","Sardis","","0","0"
"V5a-52447","5a","2","Ῥηγῖνα","iv/v AD","2","475","525","Jew","LGPN_50472","Lydia","Sardis","","0","0"
"V5a-52524","5a","1","Σαββάτιος","vi/vii AD","1","675","725","Jew","LGPN_50472","Lydia","Sardis","","0","0"
"V5a-52553","5a","1","Σαμοῆς","iv/v AD","1","475","525","Jew","LGPN_50472","Lydia","Sardis","","0","0"
"V5a-52555","5a","1","Σαμουήλ","iv/v AD","1","475","525","Jew","LGPN_50548","Lydia","Hypaipa","","0","0"
"V5a-52556","5a","2","Σαμουήλ","v AD","1","400","500","Jew","LGPN_50472","Lydia","Sardis","","0","0"
"V5a-52664","5a","1","Σεπτίμιος","iv/v AD","1","475","525","Jew","LGPN_50472","Lydia","Sardis","","0","0"
"V5a-52865","5a","11","Στρατονικιανός","m.iv AD","1","325","375","Jew","LGPN_50472","Lydia","Sardis","","0","0"
"V5a-52932","5a","55","Στράτων","imp.","1","-31","310","Jew","LGPN_50654","Lydia","Magnesia ad Sipylum","","0","0"
"V5a-52964","5a","1","Συμεόνιος","iv AD","1","300","400","Jew","LGPN_50472","Lydia","Sardis","","0","0"
"V5a-52977","5a","25","Σύμφορος","m.iv AD","1","325","375","Jew","LGPN_50472","Lydia","Sardis","","0","0"
"V5a-53053","5a","82","Σωκράτης","v-vi AD","1","500","600","Jew","LGPN_50472","Lydia","Sardis","","0","0"
"V5a-53795","5a","27","Τύραννος","imp.","1","-31","310","Jew","LGPN_50654","Lydia","Magnesia ad Sipylum","","0","0"
"V5b-1456","5b","8","Αἰλιανός","v-vi AD","1","500","600","Jew","LGPN_50476","Caria","Aphrodisias","","0","0"
"V5b-1457","5b","7","Αἰλιανός","v-vi AD","1","500","600","Jew","LGPN_50476","Caria","Aphrodisias","","0","0"
"V5b-1458","5b","9","Αἰλιανός","v-vi AD","1","500","600","Jew","LGPN_50476","Caria","Aphrodisias","","0","0"
"V5b-1639","5b","1","Ἀμάντιος","v-vi AD","1","500","600","Jew","LGPN_50476","Caria","Aphrodisias","","0","0"
"V5b-1646","5b","1","Ἀμάχιος","v-vi AD","1","500","600","Jew","LGPN_50476","Caria","Aphrodisias","","0","0"
"V5b-1693","5b","7","Αμμιανός","v-vi AD","1","500","600","Jew","LGPN_50476","Caria","Aphrodisias","","0","0"
"V5b-1733","5b","1","Ἀμφιανός","v-vi AD","1","500","600","Jew","LGPN_50476","Caria","Aphrodisias","","0","0"
"V5b-2010","5b","1","Ἀντιπαῖος","v-vi AD","1","500","600","Jew","LGPN_50476","Caria","Aphrodisias","","0","0"
"V5b-2095","5b","1","Ἀνύσιος","v-vi AD","1","500","600","Jew","LGPN_50476","Caria","Aphrodisias","","0","0"
"V5b-2162","5b","1","Ἀπελλίων","v-vi AD","1","500","600","Jew","LGPN_50476","Caria","Aphrodisias","","0","0"
"V5b-2338","5b","85","Ἀπολλωνίδης","i BC-i AD","1","-100","100","Jew","LGPN_50660","Caria","Mastaura","","0","0"
"V5b-3814","5b","1","Αὐτάρκιος","v-vi AD","1","500","600","Jew","LGPN_50476","Caria","Aphrodisias","","0","0"
"V5b-3856","5b","6","Ἀχιλλεύς","v-vi AD","1","500","600","Jew","LGPN_50476","Caria","Aphrodisias","","0","0"
"V5b-3859","5b","1","Ἀχόλιος","v-vi AD","1","500","600","Jew","LGPN_50476","Caria","Aphrodisias","","0","0"
"V5b-3934","5b","1","Βενιαμίν","v-vi AD","1","500","600","Jew","LGPN_50476","Caria","Aphrodisias","","0","0"
"V5b-3952","5b","1","Βιωτικός","v-vi AD","1","500","600","Jew","LGPN_50476","Caria","Aphrodisias","","0","0"
"V5b-4061","5b","1","Γέμελλος","v-vi AD","1","500","600","Jew","LGPN_50476","Caria","Aphrodisias","","0","0"
"V5b-4170","5b","1","Γοργόνιος","v-vi AD","1","500","600","Jew","LGPN_50476","Caria","Aphrodisias","","0","0"
"V5b-4239","5b","3","Δαμόνικος","v-vi AD","1","500","600","Jew","LGPN_50476","Caria","Aphrodisias","","0","0"
"V5b-4678","5b","74","Διογένης","v-vi AD","1","500","600","Jew","LGPN_50476","Caria","Aphrodisias","","0","0"
"V5b-5514","5b","4","Δωσίθεος","i BC-i AD","1","-100","100","Jew","LGPN_50660","Caria","Mastaura","","0","0"
"V5b-5722","5b","2","῾Εορτάσιος","v-vi AD","1","500","600","Jew","LGPN_50476","Caria","Aphrodisias","","0","0"
"V5b-5723","5b","3","῾Εορτάσιος","v-vi AD","1","500","600","Jew","LGPN_50476","Caria","Aphrodisias","","0","0"
"V5b-5724","5b","4","῾Εορτάσιος","v-vi AD","1","500","600","Jew","LGPN_50476","Caria","Aphrodisias","","0","0"
"V5b-5725","5b","5","῾Εορτάσιος","v-vi AD","1","500","600","Jew","LGPN_50476","Caria","Aphrodisias","","0","0"
"V5b-5977","5b","15","῾Ερμῆς","v-vi AD","1","500","600","Jew","LGPN_50476","Caria","Aphrodisias","","0","0"
"V5b-6370","5b","1","Εὐγένιος","v-vi AD","1","500","600","Jew","LGPN_50476","Caria","Aphrodisias","","0","0"
"V5b-6371","5b","2","Εὐγένιος","v-vi AD","1","500","600","Jew","LGPN_50476","Caria","Aphrodisias","","0","0"
"V5b-6512","5b","1","Εὔοδος","v-vi AD","1","500","600","Jew","LGPN_50476","Caria","Aphrodisias","","0","0"
"V5b-6570","5b","1","Εὐσαββάθιος","v-vi AD","1","500","600","Jew","LGPN_50476","Caria","Aphrodisias","","0","0"
"V5b-6571","5b","2","Εὐσαββάθιος","v-vi AD","1","500","600","Jew","LGPN_50476","Caria","Aphrodisias","","0","0"
"V5b-6572","5b","3","Εὐσαββάθιος","v-vi AD","1","500","600","Jew","LGPN_50476","Caria","Aphrodisias","","0","0"
"V5b-6573","5b","4","Εὐσαββάθιος","v-vi AD","1","500","600","Jew","LGPN_50476","Caria","Aphrodisias","","0","0"
"V5b-6575","5b","6","Εὐσαββάθιος","v-vi AD","1","500","600","Jew","LGPN_50476","Caria","Aphrodisias","","0","0"
"V5b-6585","5b","6","Εὐσέβιος","v-vi AD","1","500","600","Jew","LGPN_50476","Caria","Aphrodisias","","0","0"
"V5b-6586","5b","7","Εὐσέβιος","v-vi AD","1","500","600","Jew","LGPN_50476","Caria","Aphrodisias","","0","0"
"V5b-6626","5b","1","Εὐτύχιος","v-vi AD","1","500","600","Jew","LGPN_50476","Caria","Aphrodisias","","0","0"
"V5b-6627","5b","2","Εὐτύχιος","v-vi AD","1","500","600","Jew","LGPN_50476","Caria","Aphrodisias","","0","0"
"V5b-6693","5b","1","Ζαχαρίας","v-vi AD","1","500","600","Jew","LGPN_50476","Caria","Aphrodisias","","0","0"
"V5b-6873","5b","124","Ζήνων","v-vi AD","1","500","600","Jew","LGPN_50476","Caria","Aphrodisias","","0","0"
"V5b-6874","5b","125","Ζήνων","v-vi AD","1","500","600","Jew","LGPN_50476","Caria","Aphrodisias","","0","0"
"V5b-6875","5b","126","Ζήνων","v-vi AD","1","500","600","Jew","LGPN_50476","Caria","Aphrodisias","","0","0"
"V5b-7008","5b","10","Ζώσιμος","v-vi AD","1","500","600","Jew","LGPN_50476","Caria","Aphrodisias","","0","0"
"V5b-7044","5b","12","Ζωτικός","v-vi AD","1","500","600","Jew","LGPN_50476","Caria","Aphrodisias","","0","0"
"V5b-7346","5b","14","Θεογένης","i BC-i AD","1","-100","100","Jew","LGPN_50660","Caria","Mastaura","","0","0"
"V5b-7365","5b","7","Θεόδοτος","v-vi AD","1","500","600","Jew","LGPN_50476","Caria","Aphrodisias","","0","0"
"V5b-7419","5b","13","Θεόδωρος","v-vi AD","1","500","600","Jew","LGPN_50476","Caria","Aphrodisias","","0","0"
"V5b-7522","5b","3","Θεόφιλος","v-vi AD","1","500","600","Jew","LGPN_50476","Caria","Aphrodisias","","0","0"
"V5b-7655","5b","1","Ἰαήλ","v-vi AD","1","500","600","Jew","LGPN_50476","Caria","Aphrodisias","","0","0"
"V5b-7656","5b","1","Ἰακω","v-vi AD","1","500","600","Jew","LGPN_50476","Caria","Aphrodisias","","0","0"
"V5b-7657","5b","1","Ἰακώβ","v-vi AD","1","500","600","Jew","LGPN_50476","Caria","Aphrodisias","","0","0"
"V5b-7658","5b","2","Ἰακώβ","v-vi AD","1","500","600","Jew","LGPN_50476","Caria","Aphrodisias","","0","0"
"V5b-7691","5b","25","Ἰάσων","v-vi AD","1","500","600","Jew","LGPN_50476","Caria","Aphrodisias","","0","0"
"V5b-8047","5b","1","Ἰεσσαῖος","v-vi AD","1","500","600","Jew","LGPN_50476","Caria","Aphrodisias","","0","0"
"V5b-8080","5b","4","῾Ιλαριανός","v-vi AD","1","500","600","Jew","LGPN_50476","Caria","Aphrodisias","","0","0"
"V5b-8098","5b","1","Ἰούδας","v-vi AD","1","500","600","Jew","LGPN_50476","Caria","Aphrodisias","","0","0"
"V5b-8099","5b","2","Ἰούδας","v-vi AD","1","500","600","Jew","LGPN_50476","Caria","Aphrodisias","","0","0"
"V5b-8100","5b","3","Ἰούδας","v-vi AD","1","500","600","Jew","LGPN_50476","Caria","Aphrodisias","","0","0"
"V5b-8101","5b","4","Ἰούδας","v-vi AD","1","500","600","Jew","LGPN_50476","Caria","Aphrodisias","","0","0"
"V5b-8102","5b","5","Ἰούδας","v-vi AD","1","500","600","Jew","LGPN_50476","Caria","Aphrodisias","","0","0"
"V5b-8103","5b","6","Ἰούδας","v-vi AD","1","500","600","Jew","LGPN_50476","Caria","Aphrodisias","","0","0"
"V5b-8104","5b","7","Ἰούδας","v-vi AD","1","500","600","Jew","LGPN_50476","Caria","Aphrodisias","","0","0"
"V5b-8105","5b","8","Ἰούδας","v-vi AD","1","500","600","Jew","LGPN_50476","Caria","Aphrodisias","","0","0"
"V5b-8106","5b","9","Ἰούδας","v-vi AD","1","500","600","Jew","LGPN_50476","Caria","Aphrodisias","","0","0"
"V5b-8107","5b","10","Ἰούδας","v-vi AD","1","500","600","Jew","LGPN_50476","Caria","Aphrodisias","","0","0"
"V5b-8109","5b","12","Ἰούδας","ii-iii AD","1","200","300","Jew","LGPN_50340","Caria","Iasos","","0","0"
"V5b-8252","5b","1","Ἰωσῆς","v-vi AD","1","500","600","Jew","LGPN_50476","Caria","Aphrodisias","","0","0"
"V5b-8253","5b","2","Ἰωσῆς","v-vi AD","1","500","600","Jew","LGPN_50476","Caria","Aphrodisias","","0","0"
"V5b-8254","5b","1","Ἰωσήφ","v-vi AD","1","500","600","Jew","LGPN_50476","Caria","Aphrodisias","","0","0"
"V5b-8255","5b","2","Ἰωσήφ","v-vi AD","1","500","600","Jew","LGPN_50476","Caria","Aphrodisias","","0","0"
"V5b-8256","5b","3","Ἰωσήφ","v-vi AD","1","500","600","Jew","LGPN_50476","Caria","Aphrodisias","","0","0"
"V5b-8257","5b","1","Ἰωσούας","v-vi AD","1","500","600","Jew","LGPN_50476","Caria","Aphrodisias","","0","0"
"V5b-8258","5b","1","Ἰώφ","v-vi AD","1","500","600","Jew","LGPN_50476","Caria","Aphrodisias","","0","0"
"V5b-8294","5b","1","Καλλίκαρπος","v-vi AD","1","500","600","Jew","LGPN_50476","Caria","Aphrodisias","","0","0"
"V5b-8784","5b","1","Κύριλλος","v-vi AD","1","500","600","Jew","LGPN_50476","Caria","Aphrodisias","","0","0"
"V5b-8882","5b","4","Λεόντιος","v-vi AD","1","500","600","Jew","LGPN_50476","Caria","Aphrodisias","","0","0"
"V5b-8883","5b","3","Λεόντιος","v-vi AD","1","500","600","Jew","LGPN_50476","Caria","Aphrodisias","","0","0"
"V5b-9148","5b","1","Μανασσῆς","v-vi AD","1","500","600","Jew","LGPN_50476","Caria","Aphrodisias","","0","0"
"V5b-9622","5b","137","Μένανδρος","i BC-i AD","1","-100","100","Jew","LGPN_50660","Caria","Mastaura","","0","0"
"V5b-10420","5b","8","Μίλων","v-vi AD","1","500","600","Jew","LGPN_50476","Caria","Aphrodisias","","0","0"
"V5b-10606","5b","1","Μυρτίλος","v-vi AD","1","500","600","Jew","LGPN_50476","Caria","Aphrodisias","","0","0"
"V5b-11084","5b","1","Ὀξυχόλιος","v-vi AD","1","500","600","Jew","LGPN_50476","Caria","Aphrodisias","","0","0"
"V5b-11085","5b","2","Ὀξυχόλιος","v-vi AD","1","500","600","Jew","LGPN_50476","Caria","Aphrodisias","","0","0"
"V5b-11086","5b","3","Ὀξυχόλιος","v-vi AD","1","500","600","Jew","LGPN_50476","Caria","Aphrodisias","","0","0"
"V5b-11221","5b","1","Παλατῖνος","v-vi AD","1","500","600","Jew","LGPN_50476","Caria","Aphrodisias","","0","0"
"V5b-11385","5b","69","Παπιας","ii-iii AD","1","200","300","Jew","LGPN_50340","Caria","Iasos","","0","0"
"V5b-11454","5b","1","Παρηγόριος","v-vi AD","1","500","600","Jew","LGPN_50476","Caria","Aphrodisias","","0","0"
"V5b-11518","5b","1","Παῦλος","v-vi AD","1","500","600","Jew","LGPN_50476","Caria","Aphrodisias","","0","0"
"V5b-11785","5b","2","Πολιτιανός","v-vi AD","1","500","600","Jew","LGPN_50476","Caria","Aphrodisias","","0","0"
"V5b-11943","5b","2","Πραΰλιος","v-vi AD","1","500","600","Jew","LGPN_50476","Caria","Aphrodisias","","0","0"
"V5b-12177","5b","1","Ῥουβήν","v-vi AD","1","500","600","Jew","LGPN_50476","Caria","Aphrodisias","","0","0"
"V5b-12181","5b","1","Ῥοῦφος","v-vi AD","1","500","600","Jew","LGPN_50476","Caria","Aphrodisias","","0","0"
"V5b-12195","5b","1","Σαβάθιος","v-vi AD","1","500","600","Jew","LGPN_50476","Caria","Aphrodisias","","0","0"
"V5b-12198","5b","2","Σαββάτιος","v-vi AD","1","500","600","Jew","LGPN_50476","Caria","Aphrodisias","","0","0"
"V5b-12234","5b","1","Σαμουήλ","v-vi AD","1","500","600","Jew","LGPN_50476","Caria","Aphrodisias","","0","0"
"V5b-12235","5b","2","Σαμουήλ","v-vi AD","1","500","600","Jew","LGPN_50476","Caria","Aphrodisias","","0","0"
"V5b-12236","5b","3","Σαμουήλ","v-vi AD","1","500","600","Jew","LGPN_50476","Caria","Aphrodisias","","0","0"
"V5b-12237","5b","4","Σαμουήλ","v-vi AD","1","500","600","Jew","LGPN_50476","Caria","Aphrodisias","","0","0"
"V5b-12331","5b","2","Σεουῆρος","v-vi AD","1","500","600","Jew","LGPN_50476","Caria","Aphrodisias","","0","0"
"V5b-12333","5b","1","Σεραπίων","v-vi AD","1","500","600","Jew","LGPN_50476","Caria","Aphrodisias","","0","0"
"V5b-12560","5b","1","Συμεών","v-vi AD","1","500","600","Jew","LGPN_50476","Caria","Aphrodisias","","0","0"
"V5b-13235","5b","1","Φίλανθος","v-vi AD","1","500","600","Jew","LGPN_50476","Caria","Aphrodisias","","0","0"
"V5b-13540","5b","1","Χαρῖνος","v-vi AD","1","500","600","Jew","LGPN_50476","Caria","Aphrodisias","","0","0"
"V5b-29101","5b","3","Ἰακώβ","vi AD","1","500","600","Jew","LGPN_51824","Cilicia Pedias","Tarsos-Antiocheia","","0","0"
"V5b-29126","5b","13","Ἰούδας","iv-v AD","1","400","500","Jew","LGPN_51824","Cilicia Pedias","Tarsos-Antiocheia","","0","0"
"V5b-29200","5b","1","Ἰσαάκις","iii-iv AD","1","300","400","Jew","LGPN_51824","Cilicia Pedias","Tarsos-Antiocheia","","0","0"
"V5b-29246","5b","3","Ἰωσῆς","iv-v AD","1","400","500","Jew","LGPN_51824","Cilicia Pedias","Tarsos-Antiocheia","","0","0"
"V5b-29922","5b","49","Νικίας","vi AD","1","500","600","Jew","LGPN_51824","Cilicia Pedias","Tarsos-Antiocheia","","0","0"
"V5b-30032","5b","2","Παλλάδιος","vi AD","1","500","600","Jew","LGPN_51824","Cilicia Pedias","Tarsos-Antiocheia","","0","0"
"V5b-30142","5b","3","Πρόκλα","ii-iv AD","2","200","400","Jew","LGPN_51796","Cilicia Pedias","Aigeai","","0","0"
"V5b-31134","5b","154","Ἀλέξανδρος","ii-iii AD","1","200","300","Jew","LGPN_51990","Cilicia Tracheia","Anemourion","","0","0"
"V5b-31138","5b","162","Ἀλέξανδρος","iv AD","1","300","400","Jew","LGPN_52074","Cilicia Tracheia","Seleukeia","","0","0"
"V5b-31147","5b","9","Ἀλεξᾶς","byz.","1","311","999","Jew","LGPN_52044","Cilicia Tracheia","Korykos","","0","0"
"V5b-31177","5b","17","Ἀναστάσιος","byz.","1","311","999","Jew","LGPN_52044","Cilicia Tracheia","Korykos","","0","0"
"V5b-31377","5b","2","Αὐξέντιος","byz.","1","311","999","Jew","LGPN_52044","Cilicia Tracheia","Korykos","","0","0"
"V5b-31560","5b","7","Δαμιανός","byz.","1","311","999","Jew","LGPN_52044","Cilicia Tracheia","Korykos","","0","0"
"V5b-31598","5b","224","Διογένης","Fiii AD","1","201","250","Jew","LGPN_52070","Cilicia Tracheia","Diokaisareia","","0","0"
"V5b-31603","5b","229","Διογένης","byz.","1","311","999","Jew","LGPN_52044","Cilicia Tracheia","Korykos","","0","0"
"V5b-31937","5b","2","Εὐσαμβάτιος","iii-iv AD","1","300","400","Jew","LGPN_52044","Cilicia Tracheia","Korykos","","0","0"
"V5b-32045","5b","48","Ζωΐλος","Fiii AD","1","201","250","Jew","LGPN_52070","Cilicia Tracheia","Diokaisareia","","0","0"
"V5b-32144","5b","76","Θεόδοτος","iv AD","1","300","400","Jew","LGPN_52074","Cilicia Tracheia","Seleukeia","","0","0"
"V5b-32152","5b","72","Θεόδοτος","byz.","1","311","999","Jew","LGPN_52044","Cilicia Tracheia","Korykos","","0","0"
"V5b-32177","5b","205","Θεόδωρος","iv-v AD","1","400","500","Jew","LGPN_52074","Cilicia Tracheia","Seleukeia","","0","0"
"V5b-32178","5b","204","Θεόδωρος","iv-v AD","1","400","500","Jew","LGPN_52074","Cilicia Tracheia","Seleukeia","","0","0"
"V5b-32179","5b","206","Θεόδωρος","iv-v AD","1","400","500","Jew","LGPN_52074","Cilicia Tracheia","Seleukeia","","0","0"
"V5b-32235","5b","1","Θευδίων","ii AD","1","100","200","Jew","LGPN_52084","Cilicia Tracheia","Selinous-Traianopolis","","0","0"
"V5b-32273","5b","2","Ἰακω","byz.","1","311","999","Jew","LGPN_52044","Cilicia Tracheia","Korykos","","0","0"
"V5b-32382","5b","14","Ἰούδας","byz.","1","311","999","Jew","LGPN_52044","Cilicia Tracheia","Korykos","","0","0"
"V5b-32547","5b","4","Ἰωσῆς","ii AD","1","100","200","Jew","LGPN_52084","Cilicia Tracheia","Selinous-Traianopolis","","0","0"
"V5b-33209","5b","20","Ματρώνα","iii-iv AD","2","300","400","Jew","LGPN_52074","Cilicia Tracheia","Seleukeia","","0","0"
"V5b-33230","5b","303","Μένανδρος","iii-iv AD","1","300","400","Jew","LGPN_52044","Cilicia Tracheia","Korykos","","0","0"
"V5b-33635","5b","1","Νισαῖος","byz.","1","311","999","Jew","LGPN_52044","Cilicia Tracheia","Korykos","","0","0"
"V5b-34236","5b","1","Σαμοῆς","byz.","1","311","999","Jew","LGPN_52044","Cilicia Tracheia","Korykos","","0","0"
"V5b-34237","5b","2","Σαμοῆς","byz.","1","311","999","Jew","LGPN_52044","Cilicia Tracheia","Korykos","","0","0"
"V5b-34238","5b","3","Σαμοῆς","byz.","1","311","999","Jew","LGPN_52044","Cilicia Tracheia","Korykos","","0","0"
"V5b-34239","5b","5","Σαμουήλ","byz.","1","311","999","Jew","LGPN_52044","Cilicia Tracheia","Korykos","","0","0"
"V5b-34451","5b","1","Σύμων","byz.","1","311","999","Jew","LGPN_52044","Cilicia Tracheia","Korykos","","0","0"
"V5b-34784","5b","70","Φίλιππος","byz.","1","311","999","Jew","LGPN_52044","Cilicia Tracheia","Korykos","","0","0"
"V5b-34787","5b","1","Φιλονόμιος","byz.","1","311","999","Jew","LGPN_52044","Cilicia Tracheia","Korykos","","0","0"
"V5b-34818","5b","1","Φώτιον","iii-iv AD","2","300","400","Jew","LGPN_52074","Cilicia Tracheia","Seleukeia","","0","0"
"V5b-34822","5b","1","Φωτίων","iii-iv AD","1","300","400","Jew","LGPN_52074","Cilicia Tracheia","Seleukeia","","0","0"
"V5b-35250","5b","190","Ἀλέξανδρος","imp.","1","-31","310","Jew","LGPN_50524","Lycia","Myra","","0","0"
"V5b-35251","5b","189","Ἀλέξανδρος","imp.","1","-31","310","Jew","LGPN_50524","Lycia","Myra","","0","0"
"V5b-35822","5b","723","Ἀπολλώνιος","imp.","1","-31","310","Jew","LGPN_50524","Lycia","Myra","","0","0"
"V5b-35823","5b","722","Ἀπολλώνιος","imp.","1","-31","310","Jew","LGPN_50524","Lycia","Myra","","0","0"
"V5b-36060","5b","26","Ἀριστόβουλος","imp.","1","-31","310","Jew","LGPN_50524","Lycia","Myra","","0","0"
"V5b-36061","5b","25","Ἀριστόβουλος","imp.","1","-31","310","Jew","LGPN_50524","Lycia","Myra","","0","0"
"V5b-36062","5b","24","Ἀριστόβουλος","imp.","1","-31","310","Jew","LGPN_50524","Lycia","Myra","","0","0"
"V5b-39399","5b","18","Θεοδόσιος","iv AD","1","300","400","Jew","LGPN_52144","Lycia","Myra (Andriake)","","0","0"
"V5b-39401","5b","13","Θεοδότη","iv AD","2","300","400","Jew","LGPN_52144","Lycia","Myra (Andriake)","","0","0"
"V5b-39908","5b","2","Ἰωσούας","iv AD","1","300","400","Jew","LGPN_52144","Lycia","Myra (Andriake)","","0","0"
"V5b-40803","5b","6","Μακεδόνιος","iv AD","1","300","400","Jew","LGPN_52144","Lycia","Myra (Andriake)","","0","0"
"V5b-42600","5b","12","Πρόκλα","iv AD","2","300","400","Jew","LGPN_52144","Lycia","Myra (Andriake)","","0","0"
"V5b-42816","5b","13","Ῥωμανός","iv AD","1","300","400","Jew","LGPN_52144","Lycia","Myra (Andriake)","","0","0"
"V5b-42830","5b","6","Σαμουήλ","iv AD","1","300","400","Jew","LGPN_52144","Lycia","Myra (Andriake)","","0","0"
"V5b-46076","5b","37","Εὔμηλος","imp.","1","-31","310","Jew","LGPN_51786","Pamphylia","Sillyon","","0","0"
"V5b-46342","5b","4","Ἰακώβ","a.375AD","1","375","425","Jew","LGPN_51780","Pamphylia","Side","","0","0"
"V5b-46343","5b","1","Ἰακώς","iii-iv AD","1","300","400","Jew","LGPN_51770","Pamphylia","","","0","0"
"V5b-47543","5b","7","Σαμουήλ","v-vi AD","1","500","600","Jew","LGPN_50380","Pamphylia","Perge","","0","0"
